#
# There is insufficient memory for the Java Runtime Environment to continue.
# Native memory allocation (malloc) failed to allocate 1589296 bytes. Error detail: Chunk::new
# Possible reasons:
#   The system is out of physical RAM or swap space
#   This process is running with CompressedOops enabled, and the Java Heap may be blocking the growth of the native heap
# Possible solutions:
#   Reduce memory load on the system
#   Increase physical memory or swap space
#   Check if swap backing store is full
#   Decrease Java heap size (-Xmx/-Xms)
#   Decrease number of Java threads
#   Decrease Java thread stack sizes (-Xss)
#   Set larger code cache with -XX:ReservedCodeCacheSize=
#   JVM is running with Unscaled Compressed Oops mode in which the Java heap is
#     placed in the first 4GB address space. The Java Heap base address is the
#     maximum limit for the native heap growth. Please use -XX:HeapBaseMinAddress
#     to set the Java Heap base and to place the Java Heap above 4GB virtual address.
# This output file may be truncated or incomplete.
#
#  Out of Memory Error (arena.cpp:191), pid=21668, tid=6196
#
# JRE version: OpenJDK Runtime Environment JBR-17.0.14+1-1367.22-nomod (17.0.14+1) (build 17.0.14+1-b1367.22)
# Java VM: OpenJDK 64-Bit Server VM JBR-17.0.14+1-1367.22-nomod (17.0.14+1-b1367.22, mixed mode, sharing, tiered, compressed oops, compressed class ptrs, g1 gc, windows-amd64)
# No core dump will be written. Minidumps are not enabled by default on client versions of Windows
#

---------------  S U M M A R Y ------------

Command Line: --add-opens=java.base/java.lang=ALL-UNNAMED --add-opens=java.base/java.lang.invoke=ALL-UNNAMED --add-opens=java.base/java.util=ALL-UNNAMED --add-opens=java.prefs/java.util.prefs=ALL-UNNAMED --add-exports=jdk.compiler/com.sun.tools.javac.api=ALL-UNNAMED --add-exports=jdk.compiler/com.sun.tools.javac.util=ALL-UNNAMED --add-opens=java.base/java.util=ALL-UNNAMED --add-opens=java.prefs/java.util.prefs=ALL-UNNAMED --add-opens=java.base/java.nio.charset=ALL-UNNAMED --add-opens=java.base/java.net=ALL-UNNAMED --add-opens=java.base/java.util.concurrent.atomic=ALL-UNNAMED --add-opens=java.xml/javax.xml.namespace=ALL-UNNAMED -XX:MaxMetaspaceSize=384m -XX:+HeapDumpOnOutOfMemoryError -agentlib:jdwp=transport=dt_socket,server=n,suspend=y,address=127.0.0.1:53239 -Xms256m -Xmx512m -Dfile.encoding=UTF-8 -Duser.country=CN -Duser.language=zh -Duser.variant -javaagent:C:\Users\yangg\.gradle\wrapper\dists\gradle-8.14-bin\2yc9rdobpnrnzfbln4rtd27yw\gradle-8.14\lib\agents\gradle-instrumentation-agent-8.14.jar org.gradle.launcher.daemon.bootstrap.GradleDaemon 8.14

Host: Intel(R) Core(TM) Ultra 5 125H, 18 cores, 31G,  Windows 11 , 64 bit Build 26100 (10.0.26100.7019)
Time: Fri Dec  5 21:36:18 2025  Windows 11 , 64 bit Build 26100 (10.0.26100.7019) elapsed time: 99.643747 seconds (0d 0h 1m 39s)

---------------  T H R E A D  ---------------

Current thread (0x0000021b2545d060):  JavaThread "C2 CompilerThread0" daemon [_thread_in_native, id=6196, stack(0x000000aa18a00000,0x000000aa18b00000)]


Current CompileTask:
C2:  99644 10808       4       java.lang.reflect.AccessibleObject::checkCanSetAccessible (368 bytes)

Stack: [0x000000aa18a00000,0x000000aa18b00000]
Native frames: (J=compiled Java code, j=interpreted, Vv=VM code, C=native code)
V  [jvm.dll+0x68b969]  os::platform_print_native_stack+0xd9  (os_windows_x86.cpp:235)
V  [jvm.dll+0x84572a]  VMError::report+0xc6a  (vmError.cpp:868)
V  [jvm.dll+0x8473ae]  VMError::report_and_die+0x78e  (vmError.cpp:1766)
V  [jvm.dll+0x847a13]  VMError::report_and_die+0x43  (vmError.cpp:1552)
V  [jvm.dll+0x24a83f]  report_vm_out_of_memory+0x8f  (debug.cpp:321)
V  [jvm.dll+0xaca04]  Chunk::operator new+0xb4  (arena.cpp:191)
V  [jvm.dll+0xad04c]  Arena::grow+0x3c  (arena.cpp:352)
V  [jvm.dll+0x36af67]  PhaseIFG::init+0xf7  (ifg.cpp:52)
V  [jvm.dll+0x1be5a2]  PhaseChaitin::Register_Allocate+0x682  (chaitin.cpp:553)
V  [jvm.dll+0x21c389]  Compile::Code_Gen+0x3b9  (compile.cpp:2757)
V  [jvm.dll+0x21b671]  Compile::Compile+0xe61  (compile.cpp:836)
V  [jvm.dll+0x1a6acd]  C2Compiler::compile_method+0xad  (c2compiler.cpp:112)
V  [jvm.dll+0x22b58e]  CompileBroker::invoke_compiler_on_method+0x82e  (compileBroker.cpp:2366)
V  [jvm.dll+0x2296d5]  CompileBroker::compiler_thread_loop+0x405  (compileBroker.cpp:2027)
V  [jvm.dll+0x7f9637]  JavaThread::run+0x147  (thread.cpp:1299)
V  [jvm.dll+0x7f3a1c]  Thread::call_run+0x8c  (thread.cpp:405)
V  [jvm.dll+0x68a7c7]  thread_native_entry+0x77  (os_windows.cpp:551)
C  [ucrtbase.dll+0x37b0]
C  [KERNEL32.DLL+0x2e8d7]
C  [ntdll.dll+0x8c53c]


---------------  P R O C E S S  ---------------

Threads class SMR info:
_java_thread_list=0x0000021b4444ee70, length=198, elements={
0x0000021b0c018af0, 0x0000021b25276130, 0x0000021b25278c10, 0x0000021b254549d0,
0x0000021b254572b0, 0x0000021b25457b80, 0x0000021b2545c460, 0x0000021b2545d060,
0x0000021b254634b0, 0x0000021b252a0350, 0x0000021b25263860, 0x0000021b256e80f0,
0x0000021b256ea650, 0x0000021b25618370, 0x0000021b2576b0c0, 0x0000021b406b3b00,
0x0000021b40342280, 0x0000021b407b4a80, 0x0000021b3f04ec10, 0x0000021b3f04e1f0,
0x0000021b3f04f630, 0x0000021b3f04e700, 0x0000021b3f04f120, 0x0000021b3f143470,
0x0000021b3f141b20, 0x0000021b3f143980, 0x0000021b3f142a50, 0x0000021b3f1406e0,
0x0000021b3f1401d0, 0x0000021b3f143e90, 0x0000021b3f141610, 0x0000021b3f140bf0,
0x0000021b3f141100, 0x0000021b3f1452d0, 0x0000021b3f145cf0, 0x0000021b3f1457e0,
0x0000021b3f147640, 0x0000021b3f146710, 0x0000021b3f146c20, 0x0000021b42d72ec0,
0x0000021b42d71570, 0x0000021b42d733d0, 0x0000021b42d738e0, 0x0000021b42d73df0,
0x0000021b42d729b0, 0x0000021b42d724a0, 0x0000021b42d74300, 0x0000021b42d71a80,
0x0000021b42d74810, 0x0000021b42d71f90, 0x0000021b42d71060, 0x0000021b453376d0,
0x0000021b45339f50, 0x0000021b45339a40, 0x0000021b45337be0, 0x0000021b45339530,
0x0000021b453367a0, 0x0000021b453380f0, 0x0000021b45338b10, 0x0000021b453371c0,
0x0000021b4533b390, 0x0000021b4533b8a0, 0x0000021b4533a460, 0x0000021b4533ae80,
0x0000021b4533bdb0, 0x0000021b45338600, 0x0000021b4533c2c0, 0x0000021b4533c7d0,
0x0000021b4533cce0, 0x0000021b4533d1f0, 0x0000021b4533d700, 0x0000021b4533dc10,
0x0000021b4533e120, 0x0000021b406ab350, 0x0000021b406a80b0, 0x0000021b406a8fe0,
0x0000021b406aa420, 0x0000021b406abd70, 0x0000021b406a8ad0, 0x0000021b406ac280,
0x0000021b406aa930, 0x0000021b406a9f10, 0x0000021b406a94f0, 0x0000021b406acca0,
0x0000021b406aae40, 0x0000021b406ad1b0, 0x0000021b406a9a00, 0x0000021b406ad6c0,
0x0000021b406adbd0, 0x0000021b406ae0e0, 0x0000021b406ab860, 0x0000021b406afa30,
0x0000021b406ac790, 0x0000021b406ae5f0, 0x0000021b406aeb00, 0x0000021b406af010,
0x0000021b44c69ea0, 0x0000021b44c6a3b0, 0x0000021b44c68040, 0x0000021b44c68a60,
0x0000021b44c69480, 0x0000021b44c6a8c0, 0x0000021b44c68f70, 0x0000021b44c6add0,
0x0000021b44c67620, 0x0000021b44c69990, 0x0000021b44c67b30, 0x0000021b44c68550,
0x0000021b422161d0, 0x0000021b42215cc0, 0x0000021b474a2040, 0x0000021b474a1110,
0x0000021b4255e0e0, 0x0000021b4255e5f0, 0x0000021b40e45a90, 0x0000021b40e45070,
0x0000021b40e45580, 0x0000021b47751640, 0x0000021b4774fcf0, 0x0000021b45ccd570,
0x0000021b45ccda80, 0x0000021b45ccdf90, 0x0000021b45cce4a0, 0x0000021b45cce9b0,
0x0000021b45ccd060, 0x0000021b44fb7570, 0x0000021b44fba300, 0x0000021b44fb98e0,
0x0000021b44fb7f90, 0x0000021b422166e0, 0x0000021b42216bf0, 0x0000021b479ed070,
0x0000021b4595eed0, 0x0000021b47750200, 0x0000021b47752060, 0x0000021b47751b50,
0x0000021b47750c20, 0x0000021b47750710, 0x0000021b4774f7e0, 0x0000021b47752570,
0x0000021b47752a80, 0x0000021b47752f90, 0x0000021b47751130, 0x0000021b4475c9b0,
0x0000021b4475d8e0, 0x0000021b4475cec0, 0x0000021b4475d3d0, 0x0000021b4475e810,
0x0000021b4475b060, 0x0000021b4475e300, 0x0000021b446359e0, 0x0000021b44634ab0,
0x0000021b422152a0, 0x0000021b479ee4b0, 0x0000021b479ee9c0, 0x0000021b446345a0,
0x0000021b44634fc0, 0x0000021b40cbdeb0, 0x0000021b4255eb00, 0x0000021b4255f520,
0x0000021b44fb8ec0, 0x0000021b4475ddf0, 0x0000021b44518d40, 0x0000021b4475b570,
0x0000021b4475ba80, 0x0000021b4475bf90, 0x0000021b4475c4a0, 0x0000021b410c68b0,
0x0000021b410c6dc0, 0x0000021b410c72d0, 0x0000021b410c77e0, 0x0000021b410c8200,
0x0000021b410c9b50, 0x0000021b44fb84a0, 0x0000021b40cbe3c0, 0x0000021b40cbe8d0,
0x0000021b40cbcf80, 0x0000021b474a06f0, 0x0000021b474a1620, 0x0000021b479ed580,
0x0000021b479eda90, 0x0000021b44fb89b0, 0x0000021b44fb7060, 0x0000021b44fb7a80,
0x0000021b44fb93d0, 0x0000021b410c7cf0, 0x0000021b410c9640, 0x0000021b410c8710,
0x0000021b410c8c20, 0x0000021b410c9130, 0x0000021b410ca060, 0x0000021b48f437b0,
0x0000021b474a1b30, 0x0000021b442c8120, 0x0000021b442c62c0, 0x0000021b4734fb50,
0x0000021b473500a0, 0x0000021b47351b30
}

Java Threads: ( => current thread )
  0x0000021b0c018af0 JavaThread "main" [_thread_blocked, id=48936, stack(0x000000aa17d00000,0x000000aa17e00000)]
  0x0000021b25276130 JavaThread "Reference Handler" daemon [_thread_blocked, id=14812, stack(0x000000aa18400000,0x000000aa18500000)]
  0x0000021b25278c10 JavaThread "Finalizer" daemon [_thread_blocked, id=37176, stack(0x000000aa18500000,0x000000aa18600000)]
  0x0000021b254549d0 JavaThread "Signal Dispatcher" daemon [_thread_blocked, id=43456, stack(0x000000aa18600000,0x000000aa18700000)]
  0x0000021b254572b0 JavaThread "Attach Listener" daemon [_thread_blocked, id=35356, stack(0x000000aa18700000,0x000000aa18800000)]
  0x0000021b25457b80 JavaThread "Service Thread" daemon [_thread_blocked, id=41120, stack(0x000000aa18800000,0x000000aa18900000)]
  0x0000021b2545c460 JavaThread "Monitor Deflation Thread" daemon [_thread_blocked, id=13544, stack(0x000000aa18900000,0x000000aa18a00000)]
=>0x0000021b2545d060 JavaThread "C2 CompilerThread0" daemon [_thread_in_native, id=6196, stack(0x000000aa18a00000,0x000000aa18b00000)]
  0x0000021b254634b0 JavaThread "C1 CompilerThread0" daemon [_thread_blocked, id=29332, stack(0x000000aa18b00000,0x000000aa18c00000)]
  0x0000021b252a0350 JavaThread "Sweeper thread" daemon [_thread_blocked, id=4696, stack(0x000000aa18c00000,0x000000aa18d00000)]
  0x0000021b25263860 JavaThread "Common-Cleaner" daemon [_thread_blocked, id=42284, stack(0x000000aa18d00000,0x000000aa18e00000)]
  0x0000021b256e80f0 JavaThread "JDWP Transport Listener: dt_socket" daemon [_thread_blocked, id=40044, stack(0x000000aa19100000,0x000000aa19200000)]
  0x0000021b256ea650 JavaThread "JDWP Event Helper Thread" daemon [_thread_blocked, id=47776, stack(0x000000aa19200000,0x000000aa19300000)]
  0x0000021b25618370 JavaThread "JDWP Command Reader" daemon [_thread_in_native, id=24820, stack(0x000000aa19300000,0x000000aa19400000)]
  0x0000021b2576b0c0 JavaThread "Notification Thread" daemon [_thread_blocked, id=48724, stack(0x000000aa19000000,0x000000aa19100000)]
  0x0000021b406b3b00 JavaThread "Daemon health stats" [_thread_blocked, id=41832, stack(0x000000aa1a100000,0x000000aa1a200000)]
  0x0000021b40342280 JavaThread "Incoming local TCP Connector on port 60361" [_thread_in_native, id=46624, stack(0x000000aa19b00000,0x000000aa19c00000)]
  0x0000021b407b4a80 JavaThread "Daemon periodic checks" [_thread_blocked, id=30340, stack(0x000000aa1a500000,0x000000aa1a600000)]
  0x0000021b3f04ec10 JavaThread "Daemon" [_thread_blocked, id=37200, stack(0x000000aa1a600000,0x000000aa1a700000)]
  0x0000021b3f04e1f0 JavaThread "Handler for socket connection from /127.0.0.1:60361 to /127.0.0.1:60362" [_thread_in_native, id=10688, stack(0x000000aa1a700000,0x000000aa1a800000)]
  0x0000021b3f04f630 JavaThread "Cancel handler" [_thread_blocked, id=28496, stack(0x000000aa1a800000,0x000000aa1a900000)]
  0x0000021b3f04e700 JavaThread "Daemon worker" [_thread_blocked, id=46944, stack(0x000000aa1a900000,0x000000aa1aa00000)]
  0x0000021b3f04f120 JavaThread "Asynchronous log dispatcher for DefaultDaemonConnection: socket connection from /127.0.0.1:60361 to /127.0.0.1:60362" [_thread_blocked, id=35940, stack(0x000000aa1aa00000,0x000000aa1ab00000)]
  0x0000021b3f143470 JavaThread "Stdin handler" [_thread_blocked, id=45496, stack(0x000000aa1ab00000,0x000000aa1ac00000)]
  0x0000021b3f141b20 JavaThread "Daemon client event forwarder" [_thread_blocked, id=32244, stack(0x000000aa1ac00000,0x000000aa1ad00000)]
  0x0000021b3f143980 JavaThread "Cache worker for journal cache (C:\Users\yangg\.gradle\caches\journal-1)" [_thread_blocked, id=48288, stack(0x000000aa1ad00000,0x000000aa1ae00000)]
  0x0000021b3f142a50 JavaThread "File lock request listener" [_thread_in_native, id=40852, stack(0x000000aa1ae00000,0x000000aa1af00000)]
  0x0000021b3f1406e0 JavaThread "Cache worker for file hash cache (C:\Users\yangg\.gradle\caches\8.14\fileHashes)" [_thread_blocked, id=27152, stack(0x000000aa1b000000,0x000000aa1b100000)]
  0x0000021b3f1401d0 JavaThread "Cache worker for file hash cache (D:\JavaWorkspace\ygflow-suite\yglue-idea-plugin\.gradle\8.14\fileHashes)" [_thread_blocked, id=37932, stack(0x000000aa1b500000,0x000000aa1b600000)]
  0x0000021b3f143e90 JavaThread "Cache worker for Build Output Cleanup Cache (D:\JavaWorkspace\ygflow-suite\yglue-idea-plugin\.gradle\buildOutputCleanup)" [_thread_blocked, id=44316, stack(0x000000aa1b600000,0x000000aa1b700000)]
  0x0000021b3f141610 JavaThread "File watcher server" daemon [_thread_in_native, id=47908, stack(0x000000aa1b700000,0x000000aa1b800000)]
  0x0000021b3f140bf0 JavaThread "File watcher consumer" daemon [_thread_blocked, id=31416, stack(0x000000aa1b800000,0x000000aa1b900000)]
  0x0000021b3f141100 JavaThread "jar transforms" [_thread_blocked, id=23480, stack(0x000000aa1b100000,0x000000aa1b200000)]
  0x0000021b3f1452d0 JavaThread "jar transforms Thread 2" [_thread_blocked, id=36580, stack(0x000000aa1b900000,0x000000aa1ba00000)]
  0x0000021b3f145cf0 JavaThread "Cache worker for checksums cache (D:\JavaWorkspace\ygflow-suite\yglue-idea-plugin\.gradle\8.14\checksums)" [_thread_blocked, id=32784, stack(0x000000aa1be00000,0x000000aa1bf00000)]
  0x0000021b3f1457e0 JavaThread "Cache worker for file content cache (C:\Users\yangg\.gradle\caches\8.14\fileContent)" [_thread_blocked, id=36540, stack(0x000000aa1bf00000,0x000000aa1c000000)]
  0x0000021b3f147640 JavaThread "jar transforms Thread 3" [_thread_blocked, id=34588, stack(0x000000aa1c000000,0x000000aa1c100000)]
  0x0000021b3f146710 JavaThread "Cache worker for cache directory md-supplier (C:\Users\yangg\.gradle\caches\8.14\md-supplier)" [_thread_blocked, id=26048, stack(0x000000aa1c100000,0x000000aa1c200000)]
  0x0000021b3f146c20 JavaThread "Cache worker for cache directory md-rule (C:\Users\yangg\.gradle\caches\8.14\md-rule)" [_thread_blocked, id=6204, stack(0x000000aa1c200000,0x000000aa1c300000)]
  0x0000021b42d72ec0 JavaThread "Unconstrained build operations" [_thread_blocked, id=19428, stack(0x000000aa1bd00000,0x000000aa1be00000)]
  0x0000021b42d71570 JavaThread "Unconstrained build operations Thread 2" [_thread_blocked, id=22508, stack(0x000000aa1c300000,0x000000aa1c400000)]
  0x0000021b42d733d0 JavaThread "Unconstrained build operations Thread 3" [_thread_blocked, id=26508, stack(0x000000aa1c400000,0x000000aa1c500000)]
  0x0000021b42d738e0 JavaThread "Unconstrained build operations Thread 4" [_thread_blocked, id=13688, stack(0x000000aa1c500000,0x000000aa1c600000)]
  0x0000021b42d73df0 JavaThread "Unconstrained build operations Thread 5" [_thread_blocked, id=33568, stack(0x000000aa1c600000,0x000000aa1c700000)]
  0x0000021b42d729b0 JavaThread "Unconstrained build operations Thread 6" [_thread_blocked, id=33372, stack(0x000000aa1bc00000,0x000000aa1bd00000)]
  0x0000021b42d724a0 JavaThread "Unconstrained build operations Thread 7" [_thread_blocked, id=26084, stack(0x000000aa1c700000,0x000000aa1c800000)]
  0x0000021b42d74300 JavaThread "Unconstrained build operations Thread 8" [_thread_blocked, id=19076, stack(0x000000aa1c800000,0x000000aa1c900000)]
  0x0000021b42d71a80 JavaThread "Unconstrained build operations Thread 9" [_thread_blocked, id=39588, stack(0x000000aa1c900000,0x000000aa1ca00000)]
  0x0000021b42d74810 JavaThread "Unconstrained build operations Thread 10" [_thread_blocked, id=22972, stack(0x000000aa1ca00000,0x000000aa1cb00000)]
  0x0000021b42d71f90 JavaThread "jar transforms Thread 4" [_thread_blocked, id=16492, stack(0x000000aa1bb00000,0x000000aa1bc00000)]
  0x0000021b42d71060 JavaThread "jar transforms Thread 5" [_thread_blocked, id=18472, stack(0x000000aa19a00000,0x000000aa19b00000)]
  0x0000021b453376d0 JavaThread "Unconstrained build operations Thread 11" [_thread_blocked, id=10512, stack(0x000000aa1af00000,0x000000aa1b000000)]
  0x0000021b45339f50 JavaThread "Unconstrained build operations Thread 12" [_thread_blocked, id=8204, stack(0x000000aa1ba00000,0x000000aa1bb00000)]
  0x0000021b45339a40 JavaThread "Unconstrained build operations Thread 13" [_thread_blocked, id=45756, stack(0x000000aa1cb00000,0x000000aa1cc00000)]
  0x0000021b45337be0 JavaThread "Unconstrained build operations Thread 14" [_thread_blocked, id=28068, stack(0x000000aa1cc00000,0x000000aa1cd00000)]
  0x0000021b45339530 JavaThread "Unconstrained build operations Thread 15" [_thread_blocked, id=17476, stack(0x000000aa1cd00000,0x000000aa1ce00000)]
  0x0000021b453367a0 JavaThread "jar transforms Thread 6" [_thread_blocked, id=2856, stack(0x000000aa1ce00000,0x000000aa1cf00000)]
  0x0000021b453380f0 JavaThread "Unconstrained build operations Thread 16" [_thread_blocked, id=29052, stack(0x000000aa1d000000,0x000000aa1d100000)]
  0x0000021b45338b10 JavaThread "Unconstrained build operations Thread 17" [_thread_blocked, id=46196, stack(0x000000aa1d100000,0x000000aa1d200000)]
  0x0000021b453371c0 JavaThread "Unconstrained build operations Thread 18" [_thread_blocked, id=39320, stack(0x000000aa1d300000,0x000000aa1d400000)]
  0x0000021b4533b390 JavaThread "Unconstrained build operations Thread 19" [_thread_blocked, id=10568, stack(0x000000aa1d400000,0x000000aa1d500000)]
  0x0000021b4533b8a0 JavaThread "Unconstrained build operations Thread 20" [_thread_blocked, id=26156, stack(0x000000aa1d500000,0x000000aa1d600000)]
  0x0000021b4533a460 JavaThread "Unconstrained build operations Thread 21" [_thread_blocked, id=14240, stack(0x000000aa1d600000,0x000000aa1d700000)]
  0x0000021b4533ae80 JavaThread "Unconstrained build operations Thread 22" [_thread_blocked, id=35380, stack(0x000000aa1d700000,0x000000aa1d800000)]
  0x0000021b4533bdb0 JavaThread "Unconstrained build operations Thread 23" [_thread_blocked, id=37792, stack(0x000000aa1d800000,0x000000aa1d900000)]
  0x0000021b45338600 JavaThread "Unconstrained build operations Thread 24" [_thread_blocked, id=38072, stack(0x000000aa1d900000,0x000000aa1da00000)]
  0x0000021b4533c2c0 JavaThread "Unconstrained build operations Thread 25" [_thread_blocked, id=20396, stack(0x000000aa1da00000,0x000000aa1db00000)]
  0x0000021b4533c7d0 JavaThread "Unconstrained build operations Thread 26" [_thread_blocked, id=43428, stack(0x000000aa1db00000,0x000000aa1dc00000)]
  0x0000021b4533cce0 JavaThread "Unconstrained build operations Thread 27" [_thread_blocked, id=6852, stack(0x000000aa1dc00000,0x000000aa1dd00000)]
  0x0000021b4533d1f0 JavaThread "Unconstrained build operations Thread 28" [_thread_blocked, id=10488, stack(0x000000aa1dd00000,0x000000aa1de00000)]
  0x0000021b4533d700 JavaThread "Unconstrained build operations Thread 29" [_thread_blocked, id=37244, stack(0x000000aa1de00000,0x000000aa1df00000)]
  0x0000021b4533dc10 JavaThread "Unconstrained build operations Thread 30" [_thread_blocked, id=44076, stack(0x000000aa1df00000,0x000000aa1e000000)]
  0x0000021b4533e120 JavaThread "Unconstrained build operations Thread 31" [_thread_blocked, id=5416, stack(0x000000aa1e000000,0x000000aa1e100000)]
  0x0000021b406ab350 JavaThread "Unconstrained build operations Thread 32" [_thread_blocked, id=49608, stack(0x000000aa1e100000,0x000000aa1e200000)]
  0x0000021b406a80b0 JavaThread "Unconstrained build operations Thread 33" [_thread_blocked, id=20276, stack(0x000000aa1e200000,0x000000aa1e300000)]
  0x0000021b406a8fe0 JavaThread "Unconstrained build operations Thread 34" [_thread_blocked, id=10440, stack(0x000000aa1e300000,0x000000aa1e400000)]
  0x0000021b406aa420 JavaThread "Unconstrained build operations Thread 35" [_thread_blocked, id=34024, stack(0x000000aa1e400000,0x000000aa1e500000)]
  0x0000021b406abd70 JavaThread "Unconstrained build operations Thread 36" [_thread_blocked, id=34756, stack(0x000000aa1e600000,0x000000aa1e700000)]
  0x0000021b406a8ad0 JavaThread "Unconstrained build operations Thread 37" [_thread_blocked, id=3116, stack(0x000000aa1e700000,0x000000aa1e800000)]
  0x0000021b406ac280 JavaThread "Unconstrained build operations Thread 38" [_thread_blocked, id=11808, stack(0x000000aa1e800000,0x000000aa1e900000)]
  0x0000021b406aa930 JavaThread "Unconstrained build operations Thread 39" [_thread_blocked, id=42036, stack(0x000000aa1e900000,0x000000aa1ea00000)]
  0x0000021b406a9f10 JavaThread "Unconstrained build operations Thread 40" [_thread_blocked, id=31828, stack(0x000000aa1ea00000,0x000000aa1eb00000)]
  0x0000021b406a94f0 JavaThread "Unconstrained build operations Thread 41" [_thread_blocked, id=45800, stack(0x000000aa1eb00000,0x000000aa1ec00000)]
  0x0000021b406acca0 JavaThread "Unconstrained build operations Thread 42" [_thread_blocked, id=33904, stack(0x000000aa1ec00000,0x000000aa1ed00000)]
  0x0000021b406aae40 JavaThread "Unconstrained build operations Thread 43" [_thread_blocked, id=38752, stack(0x000000aa1ed00000,0x000000aa1ee00000)]
  0x0000021b406ad1b0 JavaThread "Unconstrained build operations Thread 44" [_thread_blocked, id=5932, stack(0x000000aa1ee00000,0x000000aa1ef00000)]
  0x0000021b406a9a00 JavaThread "Unconstrained build operations Thread 45" [_thread_blocked, id=9720, stack(0x000000aa1ef00000,0x000000aa1f000000)]
  0x0000021b406ad6c0 JavaThread "Unconstrained build operations Thread 46" [_thread_blocked, id=40052, stack(0x000000aa1f000000,0x000000aa1f100000)]
  0x0000021b406adbd0 JavaThread "Unconstrained build operations Thread 47" [_thread_blocked, id=25512, stack(0x000000aa1f100000,0x000000aa1f200000)]
  0x0000021b406ae0e0 JavaThread "Unconstrained build operations Thread 48" [_thread_blocked, id=17924, stack(0x000000aa1f200000,0x000000aa1f300000)]
  0x0000021b406ab860 JavaThread "Unconstrained build operations Thread 49" [_thread_blocked, id=14996, stack(0x000000aa1f300000,0x000000aa1f400000)]
  0x0000021b406afa30 JavaThread "Unconstrained build operations Thread 50" [_thread_blocked, id=45896, stack(0x000000aa1f400000,0x000000aa1f500000)]
  0x0000021b406ac790 JavaThread "Unconstrained build operations Thread 51" [_thread_blocked, id=37404, stack(0x000000aa1f500000,0x000000aa1f600000)]
  0x0000021b406ae5f0 JavaThread "Unconstrained build operations Thread 52" [_thread_blocked, id=38044, stack(0x000000aa1f600000,0x000000aa1f700000)]
  0x0000021b406aeb00 JavaThread "Unconstrained build operations Thread 53" [_thread_blocked, id=27200, stack(0x000000aa1f700000,0x000000aa1f800000)]
  0x0000021b406af010 JavaThread "Unconstrained build operations Thread 54" [_thread_blocked, id=43312, stack(0x000000aa1f800000,0x000000aa1f900000)]
  0x0000021b44c69ea0 JavaThread "Unconstrained build operations Thread 55" [_thread_blocked, id=49200, stack(0x000000aa1f900000,0x000000aa1fa00000)]
  0x0000021b44c6a3b0 JavaThread "Unconstrained build operations Thread 56" [_thread_blocked, id=35508, stack(0x000000aa1fa00000,0x000000aa1fb00000)]
  0x0000021b44c68040 JavaThread "Unconstrained build operations Thread 57" [_thread_blocked, id=18712, stack(0x000000aa1fb00000,0x000000aa1fc00000)]
  0x0000021b44c68a60 JavaThread "Unconstrained build operations Thread 58" [_thread_blocked, id=50144, stack(0x000000aa1fc00000,0x000000aa1fd00000)]
  0x0000021b44c69480 JavaThread "Unconstrained build operations Thread 59" [_thread_blocked, id=45780, stack(0x000000aa1fd00000,0x000000aa1fe00000)]
  0x0000021b44c6a8c0 JavaThread "Unconstrained build operations Thread 60" [_thread_blocked, id=41748, stack(0x000000aa1fe00000,0x000000aa1ff00000)]
  0x0000021b44c68f70 JavaThread "Unconstrained build operations Thread 61" [_thread_blocked, id=47340, stack(0x000000aa1ff00000,0x000000aa20000000)]
  0x0000021b44c6add0 JavaThread "Unconstrained build operations Thread 62" [_thread_blocked, id=49056, stack(0x000000aa20000000,0x000000aa20100000)]
  0x0000021b44c67620 JavaThread "Unconstrained build operations Thread 63" [_thread_blocked, id=35628, stack(0x000000aa20100000,0x000000aa20200000)]
  0x0000021b44c69990 JavaThread "Unconstrained build operations Thread 64" [_thread_blocked, id=29488, stack(0x000000aa20200000,0x000000aa20300000)]
  0x0000021b44c67b30 JavaThread "Unconstrained build operations Thread 65" [_thread_blocked, id=25124, stack(0x000000aa20300000,0x000000aa20400000)]
  0x0000021b44c68550 JavaThread "Unconstrained build operations Thread 66" [_thread_blocked, id=30724, stack(0x000000aa20400000,0x000000aa20500000)]
  0x0000021b422161d0 JavaThread "Memory manager" [_thread_blocked, id=4376, stack(0x000000aa20500000,0x000000aa20600000)]
  0x0000021b42215cc0 JavaThread "Problems report writer" [_thread_blocked, id=49888, stack(0x000000aa1e500000,0x000000aa1e600000)]
  0x0000021b474a2040 JavaThread "Unconstrained build operations Thread 67" [_thread_blocked, id=49148, stack(0x000000aa20900000,0x000000aa20a00000)]
  0x0000021b474a1110 JavaThread "Unconstrained build operations Thread 68" [_thread_blocked, id=44376, stack(0x000000aa20a00000,0x000000aa20b00000)]
  0x0000021b4255e0e0 JavaThread "Unconstrained build operations Thread 69" [_thread_blocked, id=42100, stack(0x000000aa18e00000,0x000000aa18f00000)]
  0x0000021b4255e5f0 JavaThread "Unconstrained build operations Thread 70" [_thread_blocked, id=43780, stack(0x000000aa20600000,0x000000aa20700000)]
  0x0000021b40e45a90 JavaThread "Unconstrained build operations Thread 71" [_thread_blocked, id=18896, stack(0x000000aa20700000,0x000000aa20800000)]
  0x0000021b40e45070 JavaThread "Unconstrained build operations Thread 72" [_thread_blocked, id=38624, stack(0x000000aa20800000,0x000000aa20900000)]
  0x0000021b40e45580 JavaThread "Unconstrained build operations Thread 73" [_thread_blocked, id=43828, stack(0x000000aa20b00000,0x000000aa20c00000)]
  0x0000021b47751640 JavaThread "Unconstrained build operations Thread 74" [_thread_blocked, id=25856, stack(0x000000aa20c00000,0x000000aa20d00000)]
  0x0000021b4774fcf0 JavaThread "Unconstrained build operations Thread 75" [_thread_blocked, id=48328, stack(0x000000aa20d00000,0x000000aa20e00000)]
  0x0000021b45ccd570 JavaThread "Unconstrained build operations Thread 76" [_thread_blocked, id=30968, stack(0x000000aa20e00000,0x000000aa20f00000)]
  0x0000021b45ccda80 JavaThread "Unconstrained build operations Thread 77" [_thread_blocked, id=4476, stack(0x000000aa20f00000,0x000000aa21000000)]
  0x0000021b45ccdf90 JavaThread "Unconstrained build operations Thread 78" [_thread_blocked, id=28792, stack(0x000000aa21000000,0x000000aa21100000)]
  0x0000021b45cce4a0 JavaThread "Unconstrained build operations Thread 79" [_thread_blocked, id=20952, stack(0x000000aa21100000,0x000000aa21200000)]
  0x0000021b45cce9b0 JavaThread "Unconstrained build operations Thread 80" [_thread_blocked, id=45204, stack(0x000000aa21200000,0x000000aa21300000)]
  0x0000021b45ccd060 JavaThread "Unconstrained build operations Thread 81" [_thread_blocked, id=10216, stack(0x000000aa21300000,0x000000aa21400000)]
  0x0000021b44fb7570 JavaThread "Unconstrained build operations Thread 82" [_thread_blocked, id=35244, stack(0x000000aa21400000,0x000000aa21500000)]
  0x0000021b44fba300 JavaThread "Unconstrained build operations Thread 83" [_thread_blocked, id=30660, stack(0x000000aa21500000,0x000000aa21600000)]
  0x0000021b44fb98e0 JavaThread "Unconstrained build operations Thread 84" [_thread_blocked, id=37524, stack(0x000000aa21600000,0x000000aa21700000)]
  0x0000021b44fb7f90 JavaThread "Unconstrained build operations Thread 85" [_thread_blocked, id=34400, stack(0x000000aa21700000,0x000000aa21800000)]
  0x0000021b422166e0 JavaThread "Unconstrained build operations Thread 86" [_thread_blocked, id=12784, stack(0x000000aa21900000,0x000000aa21a00000)]
  0x0000021b42216bf0 JavaThread "Exec process" [_thread_blocked, id=47120, stack(0x000000aa21a00000,0x000000aa21b00000)]
  0x0000021b479ed070 JavaThread "Exec process Thread 2" [_thread_blocked, id=41172, stack(0x000000aa21b00000,0x000000aa21c00000)]
  0x0000021b4595eed0 JavaThread "Exec process Thread 3" [_thread_blocked, id=35248, stack(0x000000aa21c00000,0x000000aa21d00000)]
  0x0000021b47750200 JavaThread "Unconstrained build operations Thread 87" [_thread_blocked, id=6744, stack(0x000000aa21d00000,0x000000aa21e00000)]
  0x0000021b47752060 JavaThread "Unconstrained build operations Thread 88" [_thread_blocked, id=12884, stack(0x000000aa21e00000,0x000000aa21f00000)]
  0x0000021b47751b50 JavaThread "Unconstrained build operations Thread 89" [_thread_blocked, id=38104, stack(0x000000aa21f00000,0x000000aa22000000)]
  0x0000021b47750c20 JavaThread "Unconstrained build operations Thread 90" [_thread_blocked, id=12932, stack(0x000000aa22000000,0x000000aa22100000)]
  0x0000021b47750710 JavaThread "Unconstrained build operations Thread 91" [_thread_blocked, id=33120, stack(0x000000aa22100000,0x000000aa22200000)]
  0x0000021b4774f7e0 JavaThread "Unconstrained build operations Thread 92" [_thread_blocked, id=43660, stack(0x000000aa22200000,0x000000aa22300000)]
  0x0000021b47752570 JavaThread "Unconstrained build operations Thread 93" [_thread_blocked, id=31420, stack(0x000000aa22300000,0x000000aa22400000)]
  0x0000021b47752a80 JavaThread "Unconstrained build operations Thread 94" [_thread_blocked, id=42856, stack(0x000000aa22400000,0x000000aa22500000)]
  0x0000021b47752f90 JavaThread "Unconstrained build operations Thread 95" [_thread_blocked, id=34488, stack(0x000000aa22500000,0x000000aa22600000)]
  0x0000021b47751130 JavaThread "Unconstrained build operations Thread 96" [_thread_blocked, id=5348, stack(0x000000aa22600000,0x000000aa22700000)]
  0x0000021b4475c9b0 JavaThread "Unconstrained build operations Thread 97" [_thread_blocked, id=30188, stack(0x000000aa22700000,0x000000aa22800000)]
  0x0000021b4475d8e0 JavaThread "Unconstrained build operations Thread 98" [_thread_blocked, id=8072, stack(0x000000aa22800000,0x000000aa22900000)]
  0x0000021b4475cec0 JavaThread "Unconstrained build operations Thread 99" [_thread_blocked, id=35560, stack(0x000000aa22900000,0x000000aa22a00000)]
  0x0000021b4475d3d0 JavaThread "Unconstrained build operations Thread 100" [_thread_blocked, id=29804, stack(0x000000aa22a00000,0x000000aa22b00000)]
  0x0000021b4475e810 JavaThread "Unconstrained build operations Thread 101" [_thread_blocked, id=37212, stack(0x000000aa22b00000,0x000000aa22c00000)]
  0x0000021b4475b060 JavaThread "Unconstrained build operations Thread 102" [_thread_blocked, id=39856, stack(0x000000aa22c00000,0x000000aa22d00000)]
  0x0000021b4475e300 JavaThread "Unconstrained build operations Thread 103" [_thread_blocked, id=41612, stack(0x000000aa22d00000,0x000000aa22e00000)]
  0x0000021b446359e0 JavaThread "Unconstrained build operations Thread 104" [_thread_blocked, id=18940, stack(0x000000aa22e00000,0x000000aa22f00000)]
  0x0000021b44634ab0 JavaThread "Unconstrained build operations Thread 105" [_thread_blocked, id=10500, stack(0x000000aa22f00000,0x000000aa23000000)]
  0x0000021b422152a0 JavaThread "ForkJoinPool.commonPool-worker-1" daemon [_thread_blocked, id=31380, stack(0x000000aa23000000,0x000000aa23100000)]
  0x0000021b479ee4b0 JavaThread "ForkJoinPool.commonPool-worker-2" daemon [_thread_blocked, id=24744, stack(0x000000aa23100000,0x000000aa23200000)]
  0x0000021b479ee9c0 JavaThread "ForkJoinPool.commonPool-worker-3" daemon [_thread_blocked, id=33284, stack(0x000000aa23200000,0x000000aa23300000)]
  0x0000021b446345a0 JavaThread "ForkJoinPool.commonPool-worker-4" daemon [_thread_blocked, id=18400, stack(0x000000aa23300000,0x000000aa23400000)]
  0x0000021b44634fc0 JavaThread "ForkJoinPool.commonPool-worker-5" daemon [_thread_blocked, id=48940, stack(0x000000aa23400000,0x000000aa23500000)]
  0x0000021b40cbdeb0 JavaThread "ForkJoinPool.commonPool-worker-6" daemon [_thread_blocked, id=47388, stack(0x000000aa23500000,0x000000aa23600000)]
  0x0000021b4255eb00 JavaThread "ForkJoinPool.commonPool-worker-7" daemon [_thread_blocked, id=40792, stack(0x000000aa23600000,0x000000aa23700000)]
  0x0000021b4255f520 JavaThread "ForkJoinPool.commonPool-worker-8" daemon [_thread_blocked, id=19644, stack(0x000000aa23700000,0x000000aa23800000)]
  0x0000021b44fb8ec0 JavaThread "ForkJoinPool.commonPool-worker-9" daemon [_thread_blocked, id=9928, stack(0x000000aa23800000,0x000000aa23900000)]
  0x0000021b4475ddf0 JavaThread "ForkJoinPool.commonPool-worker-10" daemon [_thread_blocked, id=39376, stack(0x000000aa23900000,0x000000aa23a00000)]
  0x0000021b44518d40 JavaThread "included builds" [_thread_blocked, id=19136, stack(0x000000aa1cf00000,0x000000aa1d000000)]
  0x0000021b4475b570 JavaThread "Execution worker" [_thread_blocked, id=30544, stack(0x000000aa21800000,0x000000aa21900000)]
  0x0000021b4475ba80 JavaThread "Execution worker Thread 2" [_thread_blocked, id=4000, stack(0x000000aa23a00000,0x000000aa23b00000)]
  0x0000021b4475bf90 JavaThread "Execution worker Thread 3" [_thread_blocked, id=30960, stack(0x000000aa23b00000,0x000000aa23c00000)]
  0x0000021b4475c4a0 JavaThread "Execution worker Thread 4" [_thread_blocked, id=49848, stack(0x000000aa23c00000,0x000000aa23d00000)]
  0x0000021b410c68b0 JavaThread "Execution worker Thread 5" [_thread_blocked, id=36292, stack(0x000000aa23d00000,0x000000aa23e00000)]
  0x0000021b410c6dc0 JavaThread "Execution worker Thread 6" [_thread_blocked, id=43300, stack(0x000000aa23e00000,0x000000aa23f00000)]
  0x0000021b410c72d0 JavaThread "Execution worker Thread 7" [_thread_blocked, id=15116, stack(0x000000aa23f00000,0x000000aa24000000)]
  0x0000021b410c77e0 JavaThread "Execution worker Thread 8" [_thread_blocked, id=9224, stack(0x000000aa24000000,0x000000aa24100000)]
  0x0000021b410c8200 JavaThread "Execution worker Thread 9" [_thread_blocked, id=18120, stack(0x000000aa24100000,0x000000aa24200000)]
  0x0000021b410c9b50 JavaThread "Execution worker Thread 10" [_thread_blocked, id=31248, stack(0x000000aa24200000,0x000000aa24300000)]
  0x0000021b44fb84a0 JavaThread "Execution worker Thread 11" [_thread_blocked, id=28040, stack(0x000000aa24300000,0x000000aa24400000)]
  0x0000021b40cbe3c0 JavaThread "Execution worker Thread 12" [_thread_blocked, id=21940, stack(0x000000aa24400000,0x000000aa24500000)]
  0x0000021b40cbe8d0 JavaThread "Execution worker Thread 13" [_thread_blocked, id=46328, stack(0x000000aa24500000,0x000000aa24600000)]
  0x0000021b40cbcf80 JavaThread "Execution worker Thread 14" [_thread_blocked, id=21148, stack(0x000000aa24600000,0x000000aa24700000)]
  0x0000021b474a06f0 JavaThread "Execution worker Thread 15" [_thread_blocked, id=19360, stack(0x000000aa24700000,0x000000aa24800000)]
  0x0000021b474a1620 JavaThread "Execution worker Thread 16" [_thread_blocked, id=42768, stack(0x000000aa24800000,0x000000aa24900000)]
  0x0000021b479ed580 JavaThread "Execution worker Thread 17" [_thread_blocked, id=39632, stack(0x000000aa24900000,0x000000aa24a00000)]
  0x0000021b479eda90 JavaThread "Cache worker for execution history cache (D:\JavaWorkspace\ygflow-suite\yglue-idea-plugin\.gradle\8.14\executionHistory)" [_thread_blocked, id=38048, stack(0x000000aa24a00000,0x000000aa24b00000)]
  0x0000021b44fb89b0 JavaThread "Unconstrained build operations Thread 106" [_thread_blocked, id=35524, stack(0x000000aa25000000,0x000000aa25100000)]
  0x0000021b44fb7060 JavaThread "Unconstrained build operations Thread 107" [_thread_blocked, id=48144, stack(0x000000aa25200000,0x000000aa25300000)]
  0x0000021b44fb7a80 JavaThread "Unconstrained build operations Thread 108" [_thread_blocked, id=36816, stack(0x000000aa25300000,0x000000aa25400000)]
  0x0000021b44fb93d0 JavaThread "Unconstrained build operations Thread 109" [_thread_blocked, id=24360, stack(0x000000aa25400000,0x000000aa25500000)]
  0x0000021b410c7cf0 JavaThread "Unconstrained build operations Thread 110" [_thread_blocked, id=14220, stack(0x000000aa25500000,0x000000aa25600000)]
  0x0000021b410c9640 JavaThread "Unconstrained build operations Thread 111" [_thread_blocked, id=36796, stack(0x000000aa25600000,0x000000aa25700000)]
  0x0000021b410c8710 JavaThread "Unconstrained build operations Thread 112" [_thread_blocked, id=10740, stack(0x000000aa25700000,0x000000aa25800000)]
  0x0000021b410c8c20 JavaThread "Unconstrained build operations Thread 113" [_thread_blocked, id=35208, stack(0x000000aa25800000,0x000000aa25900000)]
  0x0000021b410c9130 JavaThread "Unconstrained build operations Thread 114" [_thread_blocked, id=10904, stack(0x000000aa25900000,0x000000aa25a00000)]
  0x0000021b410ca060 JavaThread "Unconstrained build operations Thread 115" [_thread_blocked, id=8352, stack(0x000000aa25a00000,0x000000aa25b00000)]
  0x0000021b48f437b0 JavaThread "Unconstrained build operations Thread 116" [_thread_blocked, id=5108, stack(0x000000aa25b00000,0x000000aa25c00000)]
  0x0000021b474a1b30 JavaThread "Exec process" [_thread_in_native, id=34892, stack(0x000000aa25e00000,0x000000aa25f00000)]
  0x0000021b442c8120 JavaThread "Exec process Thread 2" [_thread_in_native, id=14716, stack(0x000000aa25f00000,0x000000aa26000000)]
  0x0000021b442c62c0 JavaThread "Exec process Thread 3" [_thread_in_native, id=44156, stack(0x000000aa26000000,0x000000aa26100000)]
  0x0000021b4734fb50 JavaThread "C1 CompilerThread1" daemon [_thread_blocked, id=7616, stack(0x000000aa17a00000,0x000000aa17b00000)]
  0x0000021b473500a0 JavaThread "C2 CompilerThread1" daemon [_thread_blocked, id=41428, stack(0x000000aa17b00000,0x000000aa17c00000)]
  0x0000021b47351b30 JavaThread "C2 CompilerThread2" daemon [_thread_blocked, id=36208, stack(0x000000aa17c00000,0x000000aa17d00000)]

Other Threads:
  0x0000021b252729b0 VMThread "VM Thread" [stack: 0x000000aa18300000,0x000000aa18400000] [id=11772]
  0x0000021b256b7160 WatcherThread [stack: 0x000000aa19400000,0x000000aa19500000] [id=17456]
  0x0000021b0c04a4c0 GCTaskThread "GC Thread#0" [stack: 0x000000aa17e00000,0x000000aa17f00000] [id=33684]
  0x0000021b257bc970 GCTaskThread "GC Thread#1" [stack: 0x000000aa19500000,0x000000aa19600000] [id=28024]
  0x0000021b257cc0d0 GCTaskThread "GC Thread#2" [stack: 0x000000aa19600000,0x000000aa19700000] [id=45944]
  0x0000021b3f155150 GCTaskThread "GC Thread#3" [stack: 0x000000aa19700000,0x000000aa19800000] [id=45524]
  0x0000021b3f155410 GCTaskThread "GC Thread#4" [stack: 0x000000aa19800000,0x000000aa19900000] [id=43424]
  0x0000021b3f1556d0 GCTaskThread "GC Thread#5" [stack: 0x000000aa19900000,0x000000aa19a00000] [id=19604]
  0x0000021b3ff7e720 GCTaskThread "GC Thread#6" [stack: 0x000000aa19c00000,0x000000aa19d00000] [id=36856]
  0x0000021b3feac870 GCTaskThread "GC Thread#7" [stack: 0x000000aa19d00000,0x000000aa19e00000] [id=8264]
  0x0000021b403e3350 GCTaskThread "GC Thread#8" [stack: 0x000000aa19e00000,0x000000aa19f00000] [id=34268]
  0x0000021b3faae790 GCTaskThread "GC Thread#9" [stack: 0x000000aa19f00000,0x000000aa1a000000] [id=28124]
  0x0000021b25615c10 GCTaskThread "GC Thread#10" [stack: 0x000000aa1a000000,0x000000aa1a100000] [id=34456]
  0x0000021b3fb85bf0 GCTaskThread "GC Thread#11" [stack: 0x000000aa1a200000,0x000000aa1a300000] [id=33532]
  0x0000021b3fb86170 GCTaskThread "GC Thread#12" [stack: 0x000000aa1a300000,0x000000aa1a400000] [id=43360]
  0x0000021b3fb86f30 GCTaskThread "GC Thread#13" [stack: 0x000000aa1a400000,0x000000aa1a500000] [id=40056]
  0x0000021b0c04f320 ConcurrentGCThread "G1 Main Marker" [stack: 0x000000aa17f00000,0x000000aa18000000] [id=30236]
  0x0000021b0c0517d0 ConcurrentGCThread "G1 Conc#0" [stack: 0x000000aa18000000,0x000000aa18100000] [id=30576]
  0x0000021b3fb85930 ConcurrentGCThread "G1 Conc#1" [stack: 0x000000aa1b200000,0x000000aa1b300000] [id=18476]
  0x0000021b3fb869b0 ConcurrentGCThread "G1 Conc#2" [stack: 0x000000aa1b300000,0x000000aa1b400000] [id=28316]
  0x0000021b3fb85eb0 ConcurrentGCThread "G1 Conc#3" [stack: 0x000000aa1b400000,0x000000aa1b500000] [id=43992]
  0x0000021b0c0ce830 ConcurrentGCThread "G1 Refine#0" [stack: 0x000000aa18100000,0x000000aa18200000] [id=31080]
  0x0000021b25134280 ConcurrentGCThread "G1 Service" [stack: 0x000000aa18200000,0x000000aa18300000] [id=48784]

Threads with active compile tasks:
C2 CompilerThread0   100887 10808       4       java.lang.reflect.AccessibleObject::checkCanSetAccessible (368 bytes)

VM state: not at safepoint (normal execution)

VM Mutex/Monitor currently owned by a thread: None

Heap address: 0x00000000e0000000, size: 512 MB, Compressed Oops mode: 32-bit

CDS archive(s) mapped at: [0x0000021b26000000-0x0000021b26c00000-0x0000021b26c00000), size 12582912, SharedBaseAddress: 0x0000021b26000000, ArchiveRelocationMode: 1.
Compressed class space mapped at: 0x0000021b27000000-0x0000021b3b000000, reserved size: 335544320
Narrow klass base: 0x0000021b26000000, Narrow klass shift: 0, Narrow klass range: 0x100000000

GC Precious Log:
 CPUs: 18 total, 18 available
 Memory: 32220M
 Large Page Support: Disabled
 NUMA Support: Disabled
 Compressed Oops: Enabled (32-bit)
 Heap Region Size: 1M
 Heap Min Capacity: 256M
 Heap Initial Capacity: 256M
 Heap Max Capacity: 512M
 Pre-touch: Disabled
 Parallel Workers: 14
 Concurrent Workers: 4
 Concurrent Refinement Workers: 14
 Periodic GC: Disabled

Heap:
 garbage-first heap   total 262144K, used 119252K [0x00000000e0000000, 0x0000000100000000)
  region size 1024K, 63 young (64512K), 10 survivors (10240K)
 Metaspace       used 85814K, committed 86592K, reserved 458752K
  class space    used 12152K, committed 12480K, reserved 327680K

Heap Regions: E=young(eden), S=young(survivor), O=old, HS=humongous(starts), HC=humongous(continues), CS=collection set, F=free, OA=open archive, CA=closed archive, TAMS=top-at-mark-start (previous, next)
|   0|0x00000000e0000000, 0x00000000e0100000, 0x00000000e0100000|100%|HS|  |TAMS 0x00000000e0100000, 0x00000000e0000000| Complete 
|   1|0x00000000e0100000, 0x00000000e0200000, 0x00000000e0200000|100%|HC|  |TAMS 0x00000000e0200000, 0x00000000e0100000| Complete 
|   2|0x00000000e0200000, 0x00000000e0300000, 0x00000000e0300000|100%|HC|  |TAMS 0x00000000e0300000, 0x00000000e0200000| Complete 
|   3|0x00000000e0300000, 0x00000000e0400000, 0x00000000e0400000|100%| O|  |TAMS 0x00000000e0400000, 0x00000000e0300000| Untracked 
|   4|0x00000000e0400000, 0x00000000e0500000, 0x00000000e0500000|100%| O|  |TAMS 0x00000000e0500000, 0x00000000e0400000| Untracked 
|   5|0x00000000e0500000, 0x00000000e0600000, 0x00000000e0600000|100%| O|  |TAMS 0x00000000e0600000, 0x00000000e0500000| Untracked 
|   6|0x00000000e0600000, 0x00000000e0700000, 0x00000000e0700000|100%|HS|  |TAMS 0x00000000e0700000, 0x00000000e0600000| Complete 
|   7|0x00000000e0700000, 0x00000000e0800000, 0x00000000e0800000|100%| O|  |TAMS 0x00000000e0700000, 0x00000000e0700000| Untracked 
|   8|0x00000000e0800000, 0x00000000e0900000, 0x00000000e0900000|100%| O|  |TAMS 0x00000000e0900000, 0x00000000e0800000| Untracked 
|   9|0x00000000e0900000, 0x00000000e0a00000, 0x00000000e0a00000|100%| O|  |TAMS 0x00000000e0a00000, 0x00000000e0900000| Untracked 
|  10|0x00000000e0a00000, 0x00000000e0b00000, 0x00000000e0b00000|100%|HS|  |TAMS 0x00000000e0b00000, 0x00000000e0a00000| Complete 
|  11|0x00000000e0b00000, 0x00000000e0c00000, 0x00000000e0c00000|100%|HC|  |TAMS 0x00000000e0c00000, 0x00000000e0b00000| Complete 
|  12|0x00000000e0c00000, 0x00000000e0d00000, 0x00000000e0d00000|100%| O|  |TAMS 0x00000000e0c00000, 0x00000000e0c00000| Untracked 
|  13|0x00000000e0d00000, 0x00000000e0e00000, 0x00000000e0e00000|100%| O|  |TAMS 0x00000000e0e00000, 0x00000000e0d00000| Untracked 
|  14|0x00000000e0e00000, 0x00000000e0f00000, 0x00000000e0f00000|100%| O|  |TAMS 0x00000000e0f00000, 0x00000000e0e00000| Untracked 
|  15|0x00000000e0f00000, 0x00000000e1000000, 0x00000000e1000000|100%| O|  |TAMS 0x00000000e1000000, 0x00000000e0f00000| Untracked 
|  16|0x00000000e1000000, 0x00000000e1100000, 0x00000000e1100000|100%| O|  |TAMS 0x00000000e1100000, 0x00000000e1000000| Untracked 
|  17|0x00000000e1100000, 0x00000000e1200000, 0x00000000e1200000|100%| O|  |TAMS 0x00000000e1200000, 0x00000000e1100000| Untracked 
|  18|0x00000000e1200000, 0x00000000e1300000, 0x00000000e1300000|100%| O|  |TAMS 0x00000000e1300000, 0x00000000e1200000| Untracked 
|  19|0x00000000e1300000, 0x00000000e1400000, 0x00000000e1400000|100%| O|  |TAMS 0x00000000e1400000, 0x00000000e1300000| Untracked 
|  20|0x00000000e1400000, 0x00000000e1500000, 0x00000000e1500000|100%| O|  |TAMS 0x00000000e1500000, 0x00000000e1400000| Untracked 
|  21|0x00000000e1500000, 0x00000000e1600000, 0x00000000e1600000|100%| O|  |TAMS 0x00000000e1600000, 0x00000000e1500000| Untracked 
|  22|0x00000000e1600000, 0x00000000e1700000, 0x00000000e1700000|100%| O|  |TAMS 0x00000000e1700000, 0x00000000e1600000| Untracked 
|  23|0x00000000e1700000, 0x00000000e1800000, 0x00000000e1800000|100%| O|  |TAMS 0x00000000e1800000, 0x00000000e1700000| Untracked 
|  24|0x00000000e1800000, 0x00000000e1900000, 0x00000000e1900000|100%| O|  |TAMS 0x00000000e1900000, 0x00000000e1800000| Untracked 
|  25|0x00000000e1900000, 0x00000000e1a00000, 0x00000000e1a00000|100%| O|  |TAMS 0x00000000e1a00000, 0x00000000e1900000| Untracked 
|  26|0x00000000e1a00000, 0x00000000e1b00000, 0x00000000e1b00000|100%| O|  |TAMS 0x00000000e1a6ec00, 0x00000000e1a00000| Untracked 
|  27|0x00000000e1b00000, 0x00000000e1c00000, 0x00000000e1c00000|100%| O|  |TAMS 0x00000000e1b00000, 0x00000000e1b00000| Untracked 
|  28|0x00000000e1c00000, 0x00000000e1d00000, 0x00000000e1d00000|100%| O|  |TAMS 0x00000000e1c00000, 0x00000000e1c00000| Untracked 
|  29|0x00000000e1d00000, 0x00000000e1e00000, 0x00000000e1e00000|100%| O|  |TAMS 0x00000000e1d00000, 0x00000000e1d00000| Untracked 
|  30|0x00000000e1e00000, 0x00000000e1f00000, 0x00000000e1f00000|100%| O|  |TAMS 0x00000000e1e00000, 0x00000000e1e00000| Untracked 
|  31|0x00000000e1f00000, 0x00000000e2000000, 0x00000000e2000000|100%| O|  |TAMS 0x00000000e1f00000, 0x00000000e1f00000| Untracked 
|  32|0x00000000e2000000, 0x00000000e2100000, 0x00000000e2100000|100%| O|  |TAMS 0x00000000e2000000, 0x00000000e2000000| Untracked 
|  33|0x00000000e2100000, 0x00000000e2200000, 0x00000000e2200000|100%| O|  |TAMS 0x00000000e2100000, 0x00000000e2100000| Untracked 
|  34|0x00000000e2200000, 0x00000000e2300000, 0x00000000e2300000|100%| O|  |TAMS 0x00000000e2200000, 0x00000000e2200000| Untracked 
|  35|0x00000000e2300000, 0x00000000e2400000, 0x00000000e2400000|100%| O|  |TAMS 0x00000000e2300000, 0x00000000e2300000| Untracked 
|  36|0x00000000e2400000, 0x00000000e2500000, 0x00000000e2500000|100%| O|  |TAMS 0x00000000e2400000, 0x00000000e2400000| Untracked 
|  37|0x00000000e2500000, 0x00000000e2600000, 0x00000000e2600000|100%| O|  |TAMS 0x00000000e2500000, 0x00000000e2500000| Untracked 
|  38|0x00000000e2600000, 0x00000000e2700000, 0x00000000e2700000|100%| O|  |TAMS 0x00000000e2600000, 0x00000000e2600000| Untracked 
|  39|0x00000000e2700000, 0x00000000e2800000, 0x00000000e2800000|100%| O|  |TAMS 0x00000000e2700000, 0x00000000e2700000| Untracked 
|  40|0x00000000e2800000, 0x00000000e2900000, 0x00000000e2900000|100%| O|  |TAMS 0x00000000e2800000, 0x00000000e2800000| Untracked 
|  41|0x00000000e2900000, 0x00000000e2a00000, 0x00000000e2a00000|100%| O|  |TAMS 0x00000000e2900000, 0x00000000e2900000| Untracked 
|  42|0x00000000e2a00000, 0x00000000e2b00000, 0x00000000e2b00000|100%| O|  |TAMS 0x00000000e2a00000, 0x00000000e2a00000| Untracked 
|  43|0x00000000e2b00000, 0x00000000e2c00000, 0x00000000e2c00000|100%| O|  |TAMS 0x00000000e2b00000, 0x00000000e2b00000| Untracked 
|  44|0x00000000e2c00000, 0x00000000e2d00000, 0x00000000e2d00000|100%| O|  |TAMS 0x00000000e2c00000, 0x00000000e2c00000| Untracked 
|  45|0x00000000e2d00000, 0x00000000e2e00000, 0x00000000e2e00000|100%| O|  |TAMS 0x00000000e2d00000, 0x00000000e2d00000| Untracked 
|  46|0x00000000e2e00000, 0x00000000e2f00000, 0x00000000e2f00000|100%| O|  |TAMS 0x00000000e2e00000, 0x00000000e2e00000| Untracked 
|  47|0x00000000e2f00000, 0x00000000e3000000, 0x00000000e3000000|100%| O|  |TAMS 0x00000000e2f00000, 0x00000000e2f00000| Untracked 
|  48|0x00000000e3000000, 0x00000000e3100000, 0x00000000e3100000|100%| O|  |TAMS 0x00000000e3000000, 0x00000000e3000000| Untracked 
|  49|0x00000000e3100000, 0x00000000e3200000, 0x00000000e3200000|100%| O|  |TAMS 0x00000000e3100000, 0x00000000e3100000| Untracked 
|  50|0x00000000e3200000, 0x00000000e3300000, 0x00000000e3300000|100%| O|  |TAMS 0x00000000e3200000, 0x00000000e3200000| Untracked 
|  51|0x00000000e3300000, 0x00000000e3400000, 0x00000000e3400000|100%| O|  |TAMS 0x00000000e3300000, 0x00000000e3300000| Untracked 
|  52|0x00000000e3400000, 0x00000000e3500000, 0x00000000e3500000|100%| O|  |TAMS 0x00000000e3400000, 0x00000000e3400000| Untracked 
|  53|0x00000000e3500000, 0x00000000e3600000, 0x00000000e3600000|100%| O|  |TAMS 0x00000000e3500000, 0x00000000e3500000| Untracked 
|  54|0x00000000e3600000, 0x00000000e3700000, 0x00000000e3700000|100%| O|  |TAMS 0x00000000e3600000, 0x00000000e3600000| Untracked 
|  55|0x00000000e3700000, 0x00000000e3800000, 0x00000000e3800000|100%| O|  |TAMS 0x00000000e3700000, 0x00000000e3700000| Untracked 
|  56|0x00000000e3800000, 0x00000000e3800000, 0x00000000e3900000|  0%| F|  |TAMS 0x00000000e3800000, 0x00000000e3800000| Untracked 
|  57|0x00000000e3900000, 0x00000000e3900000, 0x00000000e3a00000|  0%| F|  |TAMS 0x00000000e3900000, 0x00000000e3900000| Untracked 
|  58|0x00000000e3a00000, 0x00000000e3a00000, 0x00000000e3b00000|  0%| F|  |TAMS 0x00000000e3a00000, 0x00000000e3a00000| Untracked 
|  59|0x00000000e3b00000, 0x00000000e3b00000, 0x00000000e3c00000|  0%| F|  |TAMS 0x00000000e3b00000, 0x00000000e3b00000| Untracked 
|  60|0x00000000e3c00000, 0x00000000e3c00000, 0x00000000e3d00000|  0%| F|  |TAMS 0x00000000e3c00000, 0x00000000e3c00000| Untracked 
|  61|0x00000000e3d00000, 0x00000000e3d00000, 0x00000000e3e00000|  0%| F|  |TAMS 0x00000000e3d00000, 0x00000000e3d00000| Untracked 
|  62|0x00000000e3e00000, 0x00000000e3e00000, 0x00000000e3f00000|  0%| F|  |TAMS 0x00000000e3e00000, 0x00000000e3e00000| Untracked 
|  63|0x00000000e3f00000, 0x00000000e3f00000, 0x00000000e4000000|  0%| F|  |TAMS 0x00000000e3f00000, 0x00000000e3f00000| Untracked 
|  64|0x00000000e4000000, 0x00000000e4000000, 0x00000000e4100000|  0%| F|  |TAMS 0x00000000e4000000, 0x00000000e4000000| Untracked 
|  65|0x00000000e4100000, 0x00000000e4100000, 0x00000000e4200000|  0%| F|  |TAMS 0x00000000e4100000, 0x00000000e4100000| Untracked 
|  66|0x00000000e4200000, 0x00000000e4200000, 0x00000000e4300000|  0%| F|  |TAMS 0x00000000e4200000, 0x00000000e4200000| Untracked 
|  67|0x00000000e4300000, 0x00000000e4300000, 0x00000000e4400000|  0%| F|  |TAMS 0x00000000e4300000, 0x00000000e4300000| Untracked 
|  68|0x00000000e4400000, 0x00000000e4400000, 0x00000000e4500000|  0%| F|  |TAMS 0x00000000e4400000, 0x00000000e4400000| Untracked 
|  69|0x00000000e4500000, 0x00000000e4500000, 0x00000000e4600000|  0%| F|  |TAMS 0x00000000e4500000, 0x00000000e4500000| Untracked 
|  70|0x00000000e4600000, 0x00000000e4600000, 0x00000000e4700000|  0%| F|  |TAMS 0x00000000e4600000, 0x00000000e4600000| Untracked 
|  71|0x00000000e4700000, 0x00000000e4700000, 0x00000000e4800000|  0%| F|  |TAMS 0x00000000e4700000, 0x00000000e4700000| Untracked 
|  72|0x00000000e4800000, 0x00000000e4800000, 0x00000000e4900000|  0%| F|  |TAMS 0x00000000e4800000, 0x00000000e4800000| Untracked 
|  73|0x00000000e4900000, 0x00000000e4900000, 0x00000000e4a00000|  0%| F|  |TAMS 0x00000000e4900000, 0x00000000e4900000| Untracked 
|  74|0x00000000e4a00000, 0x00000000e4a00000, 0x00000000e4b00000|  0%| F|  |TAMS 0x00000000e4a00000, 0x00000000e4a00000| Untracked 
|  75|0x00000000e4b00000, 0x00000000e4b00000, 0x00000000e4c00000|  0%| F|  |TAMS 0x00000000e4b00000, 0x00000000e4b00000| Untracked 
|  76|0x00000000e4c00000, 0x00000000e4c00000, 0x00000000e4d00000|  0%| F|  |TAMS 0x00000000e4c00000, 0x00000000e4c00000| Untracked 
|  77|0x00000000e4d00000, 0x00000000e4d00000, 0x00000000e4e00000|  0%| F|  |TAMS 0x00000000e4d00000, 0x00000000e4d00000| Untracked 
|  78|0x00000000e4e00000, 0x00000000e4e00000, 0x00000000e4f00000|  0%| F|  |TAMS 0x00000000e4e00000, 0x00000000e4e00000| Untracked 
|  79|0x00000000e4f00000, 0x00000000e4f00000, 0x00000000e5000000|  0%| F|  |TAMS 0x00000000e4f00000, 0x00000000e4f00000| Untracked 
|  80|0x00000000e5000000, 0x00000000e5000000, 0x00000000e5100000|  0%| F|  |TAMS 0x00000000e5000000, 0x00000000e5000000| Untracked 
|  81|0x00000000e5100000, 0x00000000e5100000, 0x00000000e5200000|  0%| F|  |TAMS 0x00000000e5100000, 0x00000000e5100000| Untracked 
|  82|0x00000000e5200000, 0x00000000e5200000, 0x00000000e5300000|  0%| F|  |TAMS 0x00000000e5200000, 0x00000000e5200000| Untracked 
|  83|0x00000000e5300000, 0x00000000e5300000, 0x00000000e5400000|  0%| F|  |TAMS 0x00000000e5300000, 0x00000000e5300000| Untracked 
|  84|0x00000000e5400000, 0x00000000e5400000, 0x00000000e5500000|  0%| F|  |TAMS 0x00000000e5400000, 0x00000000e5400000| Untracked 
|  85|0x00000000e5500000, 0x00000000e5500000, 0x00000000e5600000|  0%| F|  |TAMS 0x00000000e5500000, 0x00000000e5500000| Untracked 
|  86|0x00000000e5600000, 0x00000000e5600000, 0x00000000e5700000|  0%| F|  |TAMS 0x00000000e5600000, 0x00000000e5600000| Untracked 
|  87|0x00000000e5700000, 0x00000000e5700000, 0x00000000e5800000|  0%| F|  |TAMS 0x00000000e5700000, 0x00000000e5700000| Untracked 
|  88|0x00000000e5800000, 0x00000000e5800000, 0x00000000e5900000|  0%| F|  |TAMS 0x00000000e5800000, 0x00000000e5800000| Untracked 
|  89|0x00000000e5900000, 0x00000000e5900000, 0x00000000e5a00000|  0%| F|  |TAMS 0x00000000e5900000, 0x00000000e5900000| Untracked 
|  90|0x00000000e5a00000, 0x00000000e5a00000, 0x00000000e5b00000|  0%| F|  |TAMS 0x00000000e5a00000, 0x00000000e5a00000| Untracked 
|  91|0x00000000e5b00000, 0x00000000e5b00000, 0x00000000e5c00000|  0%| F|  |TAMS 0x00000000e5b00000, 0x00000000e5b00000| Untracked 
|  92|0x00000000e5c00000, 0x00000000e5c00000, 0x00000000e5d00000|  0%| F|  |TAMS 0x00000000e5c00000, 0x00000000e5c00000| Untracked 
|  93|0x00000000e5d00000, 0x00000000e5d00000, 0x00000000e5e00000|  0%| F|  |TAMS 0x00000000e5d00000, 0x00000000e5d00000| Untracked 
|  94|0x00000000e5e00000, 0x00000000e5e00000, 0x00000000e5f00000|  0%| F|  |TAMS 0x00000000e5e00000, 0x00000000e5e00000| Untracked 
|  95|0x00000000e5f00000, 0x00000000e5f00000, 0x00000000e6000000|  0%| F|  |TAMS 0x00000000e5f00000, 0x00000000e5f00000| Untracked 
|  96|0x00000000e6000000, 0x00000000e6000000, 0x00000000e6100000|  0%| F|  |TAMS 0x00000000e6000000, 0x00000000e6000000| Untracked 
|  97|0x00000000e6100000, 0x00000000e6100000, 0x00000000e6200000|  0%| F|  |TAMS 0x00000000e6100000, 0x00000000e6100000| Untracked 
|  98|0x00000000e6200000, 0x00000000e6200000, 0x00000000e6300000|  0%| F|  |TAMS 0x00000000e6200000, 0x00000000e6200000| Untracked 
|  99|0x00000000e6300000, 0x00000000e6300000, 0x00000000e6400000|  0%| F|  |TAMS 0x00000000e6300000, 0x00000000e6300000| Untracked 
| 100|0x00000000e6400000, 0x00000000e6400000, 0x00000000e6500000|  0%| F|  |TAMS 0x00000000e6400000, 0x00000000e6400000| Untracked 
| 101|0x00000000e6500000, 0x00000000e6500000, 0x00000000e6600000|  0%| F|  |TAMS 0x00000000e6500000, 0x00000000e6500000| Untracked 
| 102|0x00000000e6600000, 0x00000000e6600000, 0x00000000e6700000|  0%| F|  |TAMS 0x00000000e6600000, 0x00000000e6600000| Untracked 
| 103|0x00000000e6700000, 0x00000000e6700000, 0x00000000e6800000|  0%| F|  |TAMS 0x00000000e6700000, 0x00000000e6700000| Untracked 
| 104|0x00000000e6800000, 0x00000000e6800000, 0x00000000e6900000|  0%| F|  |TAMS 0x00000000e6800000, 0x00000000e6800000| Untracked 
| 105|0x00000000e6900000, 0x00000000e6900000, 0x00000000e6a00000|  0%| F|  |TAMS 0x00000000e6900000, 0x00000000e6900000| Untracked 
| 106|0x00000000e6a00000, 0x00000000e6a00000, 0x00000000e6b00000|  0%| F|  |TAMS 0x00000000e6a00000, 0x00000000e6a00000| Untracked 
| 107|0x00000000e6b00000, 0x00000000e6b00000, 0x00000000e6c00000|  0%| F|  |TAMS 0x00000000e6b00000, 0x00000000e6b00000| Untracked 
| 108|0x00000000e6c00000, 0x00000000e6c00000, 0x00000000e6d00000|  0%| F|  |TAMS 0x00000000e6c00000, 0x00000000e6c00000| Untracked 
| 109|0x00000000e6d00000, 0x00000000e6d00000, 0x00000000e6e00000|  0%| F|  |TAMS 0x00000000e6d00000, 0x00000000e6d00000| Untracked 
| 110|0x00000000e6e00000, 0x00000000e6e00000, 0x00000000e6f00000|  0%| F|  |TAMS 0x00000000e6e00000, 0x00000000e6e00000| Untracked 
| 111|0x00000000e6f00000, 0x00000000e6f00000, 0x00000000e7000000|  0%| F|  |TAMS 0x00000000e6f00000, 0x00000000e6f00000| Untracked 
| 112|0x00000000e7000000, 0x00000000e7000000, 0x00000000e7100000|  0%| F|  |TAMS 0x00000000e7000000, 0x00000000e7000000| Untracked 
| 113|0x00000000e7100000, 0x00000000e7175120, 0x00000000e7200000| 45%| S|CS|TAMS 0x00000000e7100000, 0x00000000e7100000| Complete 
| 114|0x00000000e7200000, 0x00000000e7300000, 0x00000000e7300000|100%| S|CS|TAMS 0x00000000e7200000, 0x00000000e7200000| Complete 
| 115|0x00000000e7300000, 0x00000000e7400000, 0x00000000e7400000|100%| S|CS|TAMS 0x00000000e7300000, 0x00000000e7300000| Complete 
| 116|0x00000000e7400000, 0x00000000e7500000, 0x00000000e7500000|100%| S|CS|TAMS 0x00000000e7400000, 0x00000000e7400000| Complete 
| 117|0x00000000e7500000, 0x00000000e7600000, 0x00000000e7600000|100%| S|CS|TAMS 0x00000000e7500000, 0x00000000e7500000| Complete 
| 118|0x00000000e7600000, 0x00000000e7700000, 0x00000000e7700000|100%| S|CS|TAMS 0x00000000e7600000, 0x00000000e7600000| Complete 
| 119|0x00000000e7700000, 0x00000000e7800000, 0x00000000e7800000|100%| S|CS|TAMS 0x00000000e7700000, 0x00000000e7700000| Complete 
| 120|0x00000000e7800000, 0x00000000e7900000, 0x00000000e7900000|100%| S|CS|TAMS 0x00000000e7800000, 0x00000000e7800000| Complete 
| 121|0x00000000e7900000, 0x00000000e7a00000, 0x00000000e7a00000|100%| S|CS|TAMS 0x00000000e7900000, 0x00000000e7900000| Complete 
| 122|0x00000000e7a00000, 0x00000000e7b00000, 0x00000000e7b00000|100%| S|CS|TAMS 0x00000000e7a00000, 0x00000000e7a00000| Complete 
| 123|0x00000000e7b00000, 0x00000000e7b00000, 0x00000000e7c00000|  0%| F|  |TAMS 0x00000000e7b00000, 0x00000000e7b00000| Untracked 
| 124|0x00000000e7c00000, 0x00000000e7c00000, 0x00000000e7d00000|  0%| F|  |TAMS 0x00000000e7c00000, 0x00000000e7c00000| Untracked 
| 125|0x00000000e7d00000, 0x00000000e7d00000, 0x00000000e7e00000|  0%| F|  |TAMS 0x00000000e7d00000, 0x00000000e7d00000| Untracked 
| 126|0x00000000e7e00000, 0x00000000e7e00000, 0x00000000e7f00000|  0%| F|  |TAMS 0x00000000e7e00000, 0x00000000e7e00000| Untracked 
| 127|0x00000000e7f00000, 0x00000000e7f00000, 0x00000000e8000000|  0%| F|  |TAMS 0x00000000e7f00000, 0x00000000e7f00000| Untracked 
| 128|0x00000000e8000000, 0x00000000e8000000, 0x00000000e8100000|  0%| F|  |TAMS 0x00000000e8000000, 0x00000000e8000000| Untracked 
| 129|0x00000000e8100000, 0x00000000e8100000, 0x00000000e8200000|  0%| F|  |TAMS 0x00000000e8100000, 0x00000000e8100000| Untracked 
| 130|0x00000000e8200000, 0x00000000e8200000, 0x00000000e8300000|  0%| F|  |TAMS 0x00000000e8200000, 0x00000000e8200000| Untracked 
| 131|0x00000000e8300000, 0x00000000e8300000, 0x00000000e8400000|  0%| F|  |TAMS 0x00000000e8300000, 0x00000000e8300000| Untracked 
| 132|0x00000000e8400000, 0x00000000e8400000, 0x00000000e8500000|  0%| F|  |TAMS 0x00000000e8400000, 0x00000000e8400000| Untracked 
| 133|0x00000000e8500000, 0x00000000e8500000, 0x00000000e8600000|  0%| F|  |TAMS 0x00000000e8500000, 0x00000000e8500000| Untracked 
| 134|0x00000000e8600000, 0x00000000e8600000, 0x00000000e8700000|  0%| F|  |TAMS 0x00000000e8600000, 0x00000000e8600000| Untracked 
| 135|0x00000000e8700000, 0x00000000e8700000, 0x00000000e8800000|  0%| F|  |TAMS 0x00000000e8700000, 0x00000000e8700000| Untracked 
| 136|0x00000000e8800000, 0x00000000e8800000, 0x00000000e8900000|  0%| F|  |TAMS 0x00000000e8800000, 0x00000000e8800000| Untracked 
| 137|0x00000000e8900000, 0x00000000e8900000, 0x00000000e8a00000|  0%| F|  |TAMS 0x00000000e8900000, 0x00000000e8900000| Untracked 
| 138|0x00000000e8a00000, 0x00000000e8a00000, 0x00000000e8b00000|  0%| F|  |TAMS 0x00000000e8a00000, 0x00000000e8a00000| Untracked 
| 139|0x00000000e8b00000, 0x00000000e8b00000, 0x00000000e8c00000|  0%| F|  |TAMS 0x00000000e8b00000, 0x00000000e8b00000| Untracked 
| 140|0x00000000e8c00000, 0x00000000e8c00000, 0x00000000e8d00000|  0%| F|  |TAMS 0x00000000e8c00000, 0x00000000e8c00000| Untracked 
| 141|0x00000000e8d00000, 0x00000000e8d00000, 0x00000000e8e00000|  0%| F|  |TAMS 0x00000000e8d00000, 0x00000000e8d00000| Untracked 
| 142|0x00000000e8e00000, 0x00000000e8e00000, 0x00000000e8f00000|  0%| F|  |TAMS 0x00000000e8e00000, 0x00000000e8e00000| Untracked 
| 143|0x00000000e8f00000, 0x00000000e8f00000, 0x00000000e9000000|  0%| F|  |TAMS 0x00000000e8f00000, 0x00000000e8f00000| Untracked 
| 144|0x00000000e9000000, 0x00000000e9000000, 0x00000000e9100000|  0%| F|  |TAMS 0x00000000e9000000, 0x00000000e9000000| Untracked 
| 145|0x00000000e9100000, 0x00000000e9100000, 0x00000000e9200000|  0%| F|  |TAMS 0x00000000e9100000, 0x00000000e9100000| Untracked 
| 146|0x00000000e9200000, 0x00000000e9200000, 0x00000000e9300000|  0%| F|  |TAMS 0x00000000e9200000, 0x00000000e9200000| Untracked 
| 147|0x00000000e9300000, 0x00000000e9300000, 0x00000000e9400000|  0%| F|  |TAMS 0x00000000e9300000, 0x00000000e9300000| Untracked 
| 148|0x00000000e9400000, 0x00000000e9400000, 0x00000000e9500000|  0%| F|  |TAMS 0x00000000e9400000, 0x00000000e9400000| Untracked 
| 149|0x00000000e9500000, 0x00000000e9500000, 0x00000000e9600000|  0%| F|  |TAMS 0x00000000e9500000, 0x00000000e9500000| Untracked 
| 150|0x00000000e9600000, 0x00000000e9600000, 0x00000000e9700000|  0%| F|  |TAMS 0x00000000e9600000, 0x00000000e9600000| Untracked 
| 151|0x00000000e9700000, 0x00000000e9700000, 0x00000000e9800000|  0%| F|  |TAMS 0x00000000e9700000, 0x00000000e9700000| Untracked 
| 152|0x00000000e9800000, 0x00000000e9800000, 0x00000000e9900000|  0%| F|  |TAMS 0x00000000e9800000, 0x00000000e9800000| Untracked 
| 153|0x00000000e9900000, 0x00000000e9900000, 0x00000000e9a00000|  0%| F|  |TAMS 0x00000000e9900000, 0x00000000e9900000| Untracked 
| 154|0x00000000e9a00000, 0x00000000e9a00000, 0x00000000e9b00000|  0%| F|  |TAMS 0x00000000e9a00000, 0x00000000e9a00000| Untracked 
| 155|0x00000000e9b00000, 0x00000000e9b00000, 0x00000000e9c00000|  0%| F|  |TAMS 0x00000000e9b00000, 0x00000000e9b00000| Untracked 
| 156|0x00000000e9c00000, 0x00000000e9c00000, 0x00000000e9d00000|  0%| F|  |TAMS 0x00000000e9c00000, 0x00000000e9c00000| Untracked 
| 157|0x00000000e9d00000, 0x00000000e9d00000, 0x00000000e9e00000|  0%| F|  |TAMS 0x00000000e9d00000, 0x00000000e9d00000| Untracked 
| 158|0x00000000e9e00000, 0x00000000e9e00000, 0x00000000e9f00000|  0%| F|  |TAMS 0x00000000e9e00000, 0x00000000e9e00000| Untracked 
| 159|0x00000000e9f00000, 0x00000000e9f00000, 0x00000000ea000000|  0%| F|  |TAMS 0x00000000e9f00000, 0x00000000e9f00000| Untracked 
| 160|0x00000000ea000000, 0x00000000ea000000, 0x00000000ea100000|  0%| F|  |TAMS 0x00000000ea000000, 0x00000000ea000000| Untracked 
| 161|0x00000000ea100000, 0x00000000ea100000, 0x00000000ea200000|  0%| F|  |TAMS 0x00000000ea100000, 0x00000000ea100000| Untracked 
| 162|0x00000000ea200000, 0x00000000ea200000, 0x00000000ea300000|  0%| F|  |TAMS 0x00000000ea200000, 0x00000000ea200000| Untracked 
| 163|0x00000000ea300000, 0x00000000ea300000, 0x00000000ea400000|  0%| F|  |TAMS 0x00000000ea300000, 0x00000000ea300000| Untracked 
| 164|0x00000000ea400000, 0x00000000ea400000, 0x00000000ea500000|  0%| F|  |TAMS 0x00000000ea400000, 0x00000000ea400000| Untracked 
| 165|0x00000000ea500000, 0x00000000ea500000, 0x00000000ea600000|  0%| F|  |TAMS 0x00000000ea500000, 0x00000000ea500000| Untracked 
| 166|0x00000000ea600000, 0x00000000ea600000, 0x00000000ea700000|  0%| F|  |TAMS 0x00000000ea600000, 0x00000000ea600000| Untracked 
| 167|0x00000000ea700000, 0x00000000ea700000, 0x00000000ea800000|  0%| F|  |TAMS 0x00000000ea700000, 0x00000000ea700000| Untracked 
| 168|0x00000000ea800000, 0x00000000ea800000, 0x00000000ea900000|  0%| F|  |TAMS 0x00000000ea800000, 0x00000000ea800000| Untracked 
| 169|0x00000000ea900000, 0x00000000ea900000, 0x00000000eaa00000|  0%| F|  |TAMS 0x00000000ea900000, 0x00000000ea900000| Untracked 
| 170|0x00000000eaa00000, 0x00000000eaa00000, 0x00000000eab00000|  0%| F|  |TAMS 0x00000000eaa00000, 0x00000000eaa00000| Untracked 
| 171|0x00000000eab00000, 0x00000000eab00000, 0x00000000eac00000|  0%| F|  |TAMS 0x00000000eab00000, 0x00000000eab00000| Untracked 
| 172|0x00000000eac00000, 0x00000000eac00000, 0x00000000ead00000|  0%| F|  |TAMS 0x00000000eac00000, 0x00000000eac00000| Untracked 
| 173|0x00000000ead00000, 0x00000000ead00000, 0x00000000eae00000|  0%| F|  |TAMS 0x00000000ead00000, 0x00000000ead00000| Untracked 
| 174|0x00000000eae00000, 0x00000000eae00000, 0x00000000eaf00000|  0%| F|  |TAMS 0x00000000eae00000, 0x00000000eae00000| Untracked 
| 175|0x00000000eaf00000, 0x00000000eaf00000, 0x00000000eb000000|  0%| F|  |TAMS 0x00000000eaf00000, 0x00000000eaf00000| Untracked 
| 176|0x00000000eb000000, 0x00000000eb000000, 0x00000000eb100000|  0%| F|  |TAMS 0x00000000eb000000, 0x00000000eb000000| Untracked 
| 177|0x00000000eb100000, 0x00000000eb100000, 0x00000000eb200000|  0%| F|  |TAMS 0x00000000eb100000, 0x00000000eb100000| Untracked 
| 178|0x00000000eb200000, 0x00000000eb200000, 0x00000000eb300000|  0%| F|  |TAMS 0x00000000eb200000, 0x00000000eb200000| Untracked 
| 179|0x00000000eb300000, 0x00000000eb300000, 0x00000000eb400000|  0%| F|  |TAMS 0x00000000eb300000, 0x00000000eb300000| Untracked 
| 180|0x00000000eb400000, 0x00000000eb400000, 0x00000000eb500000|  0%| F|  |TAMS 0x00000000eb400000, 0x00000000eb400000| Untracked 
| 181|0x00000000eb500000, 0x00000000eb500000, 0x00000000eb600000|  0%| F|  |TAMS 0x00000000eb500000, 0x00000000eb500000| Untracked 
| 182|0x00000000eb600000, 0x00000000eb600000, 0x00000000eb700000|  0%| F|  |TAMS 0x00000000eb600000, 0x00000000eb600000| Untracked 
| 183|0x00000000eb700000, 0x00000000eb700000, 0x00000000eb800000|  0%| F|  |TAMS 0x00000000eb700000, 0x00000000eb700000| Untracked 
| 184|0x00000000eb800000, 0x00000000eb800000, 0x00000000eb900000|  0%| F|  |TAMS 0x00000000eb800000, 0x00000000eb800000| Untracked 
| 185|0x00000000eb900000, 0x00000000eb900000, 0x00000000eba00000|  0%| F|  |TAMS 0x00000000eb900000, 0x00000000eb900000| Untracked 
| 186|0x00000000eba00000, 0x00000000eba00000, 0x00000000ebb00000|  0%| F|  |TAMS 0x00000000eba00000, 0x00000000eba00000| Untracked 
| 187|0x00000000ebb00000, 0x00000000ebb00000, 0x00000000ebc00000|  0%| F|  |TAMS 0x00000000ebb00000, 0x00000000ebb00000| Untracked 
| 188|0x00000000ebc00000, 0x00000000ebc00000, 0x00000000ebd00000|  0%| F|  |TAMS 0x00000000ebc00000, 0x00000000ebc00000| Untracked 
| 189|0x00000000ebd00000, 0x00000000ebd00000, 0x00000000ebe00000|  0%| F|  |TAMS 0x00000000ebd00000, 0x00000000ebd00000| Untracked 
| 190|0x00000000ebe00000, 0x00000000ebe00000, 0x00000000ebf00000|  0%| F|  |TAMS 0x00000000ebe00000, 0x00000000ebe00000| Untracked 
| 191|0x00000000ebf00000, 0x00000000ebf00000, 0x00000000ec000000|  0%| F|  |TAMS 0x00000000ebf00000, 0x00000000ebf00000| Untracked 
| 192|0x00000000ec000000, 0x00000000ec000000, 0x00000000ec100000|  0%| F|  |TAMS 0x00000000ec000000, 0x00000000ec000000| Untracked 
| 193|0x00000000ec100000, 0x00000000ec100000, 0x00000000ec200000|  0%| F|  |TAMS 0x00000000ec100000, 0x00000000ec100000| Untracked 
| 194|0x00000000ec200000, 0x00000000ec200000, 0x00000000ec300000|  0%| F|  |TAMS 0x00000000ec200000, 0x00000000ec200000| Untracked 
| 195|0x00000000ec300000, 0x00000000ec300000, 0x00000000ec400000|  0%| F|  |TAMS 0x00000000ec300000, 0x00000000ec300000| Untracked 
| 196|0x00000000ec400000, 0x00000000ec400000, 0x00000000ec500000|  0%| F|  |TAMS 0x00000000ec400000, 0x00000000ec400000| Untracked 
| 197|0x00000000ec500000, 0x00000000ec500000, 0x00000000ec600000|  0%| F|  |TAMS 0x00000000ec500000, 0x00000000ec500000| Untracked 
| 198|0x00000000ec600000, 0x00000000ec600000, 0x00000000ec700000|  0%| F|  |TAMS 0x00000000ec600000, 0x00000000ec600000| Untracked 
| 199|0x00000000ec700000, 0x00000000ec700000, 0x00000000ec800000|  0%| F|  |TAMS 0x00000000ec700000, 0x00000000ec700000| Untracked 
| 200|0x00000000ec800000, 0x00000000ec800000, 0x00000000ec900000|  0%| F|  |TAMS 0x00000000ec800000, 0x00000000ec800000| Untracked 
| 201|0x00000000ec900000, 0x00000000ec900000, 0x00000000eca00000|  0%| F|  |TAMS 0x00000000ec900000, 0x00000000ec900000| Untracked 
| 202|0x00000000eca00000, 0x00000000eca00000, 0x00000000ecb00000|  0%| F|  |TAMS 0x00000000eca00000, 0x00000000eca00000| Untracked 
| 203|0x00000000ecb00000, 0x00000000ecbadfc0, 0x00000000ecc00000| 67%| E|  |TAMS 0x00000000ecb00000, 0x00000000ecb00000| Complete 
| 204|0x00000000ecc00000, 0x00000000ecd00000, 0x00000000ecd00000|100%| E|CS|TAMS 0x00000000ecc00000, 0x00000000ecc00000| Complete 
| 205|0x00000000ecd00000, 0x00000000ece00000, 0x00000000ece00000|100%| E|CS|TAMS 0x00000000ecd00000, 0x00000000ecd00000| Complete 
| 206|0x00000000ece00000, 0x00000000ecf00000, 0x00000000ecf00000|100%| E|CS|TAMS 0x00000000ece00000, 0x00000000ece00000| Complete 
| 207|0x00000000ecf00000, 0x00000000ed000000, 0x00000000ed000000|100%| E|CS|TAMS 0x00000000ecf00000, 0x00000000ecf00000| Complete 
| 208|0x00000000ed000000, 0x00000000ed100000, 0x00000000ed100000|100%| E|CS|TAMS 0x00000000ed000000, 0x00000000ed000000| Complete 
| 209|0x00000000ed100000, 0x00000000ed200000, 0x00000000ed200000|100%| E|CS|TAMS 0x00000000ed100000, 0x00000000ed100000| Complete 
| 210|0x00000000ed200000, 0x00000000ed300000, 0x00000000ed300000|100%| E|CS|TAMS 0x00000000ed200000, 0x00000000ed200000| Complete 
| 211|0x00000000ed300000, 0x00000000ed400000, 0x00000000ed400000|100%| E|CS|TAMS 0x00000000ed300000, 0x00000000ed300000| Complete 
| 212|0x00000000ed400000, 0x00000000ed500000, 0x00000000ed500000|100%| E|CS|TAMS 0x00000000ed400000, 0x00000000ed400000| Complete 
| 213|0x00000000ed500000, 0x00000000ed600000, 0x00000000ed600000|100%| E|CS|TAMS 0x00000000ed500000, 0x00000000ed500000| Complete 
| 214|0x00000000ed600000, 0x00000000ed700000, 0x00000000ed700000|100%| E|CS|TAMS 0x00000000ed600000, 0x00000000ed600000| Complete 
| 215|0x00000000ed700000, 0x00000000ed800000, 0x00000000ed800000|100%| E|CS|TAMS 0x00000000ed700000, 0x00000000ed700000| Complete 
| 216|0x00000000ed800000, 0x00000000ed900000, 0x00000000ed900000|100%| E|CS|TAMS 0x00000000ed800000, 0x00000000ed800000| Complete 
| 217|0x00000000ed900000, 0x00000000eda00000, 0x00000000eda00000|100%| E|CS|TAMS 0x00000000ed900000, 0x00000000ed900000| Complete 
| 218|0x00000000eda00000, 0x00000000edb00000, 0x00000000edb00000|100%| E|CS|TAMS 0x00000000eda00000, 0x00000000eda00000| Complete 
| 219|0x00000000edb00000, 0x00000000edc00000, 0x00000000edc00000|100%| E|  |TAMS 0x00000000edb00000, 0x00000000edb00000| Complete 
| 220|0x00000000edc00000, 0x00000000edd00000, 0x00000000edd00000|100%| E|CS|TAMS 0x00000000edc00000, 0x00000000edc00000| Complete 
| 221|0x00000000edd00000, 0x00000000ede00000, 0x00000000ede00000|100%| E|CS|TAMS 0x00000000edd00000, 0x00000000edd00000| Complete 
| 222|0x00000000ede00000, 0x00000000edf00000, 0x00000000edf00000|100%| E|CS|TAMS 0x00000000ede00000, 0x00000000ede00000| Complete 
| 223|0x00000000edf00000, 0x00000000ee000000, 0x00000000ee000000|100%| E|CS|TAMS 0x00000000edf00000, 0x00000000edf00000| Complete 
| 224|0x00000000ee000000, 0x00000000ee100000, 0x00000000ee100000|100%| E|CS|TAMS 0x00000000ee000000, 0x00000000ee000000| Complete 
| 225|0x00000000ee100000, 0x00000000ee200000, 0x00000000ee200000|100%| E|CS|TAMS 0x00000000ee100000, 0x00000000ee100000| Complete 
| 226|0x00000000ee200000, 0x00000000ee300000, 0x00000000ee300000|100%| E|CS|TAMS 0x00000000ee200000, 0x00000000ee200000| Complete 
| 227|0x00000000ee300000, 0x00000000ee400000, 0x00000000ee400000|100%| E|CS|TAMS 0x00000000ee300000, 0x00000000ee300000| Complete 
| 228|0x00000000ee400000, 0x00000000ee500000, 0x00000000ee500000|100%| E|CS|TAMS 0x00000000ee400000, 0x00000000ee400000| Complete 
| 229|0x00000000ee500000, 0x00000000ee600000, 0x00000000ee600000|100%| E|CS|TAMS 0x00000000ee500000, 0x00000000ee500000| Complete 
| 230|0x00000000ee600000, 0x00000000ee700000, 0x00000000ee700000|100%| E|CS|TAMS 0x00000000ee600000, 0x00000000ee600000| Complete 
| 231|0x00000000ee700000, 0x00000000ee800000, 0x00000000ee800000|100%| E|CS|TAMS 0x00000000ee700000, 0x00000000ee700000| Complete 
| 232|0x00000000ee800000, 0x00000000ee900000, 0x00000000ee900000|100%| E|CS|TAMS 0x00000000ee800000, 0x00000000ee800000| Complete 
| 233|0x00000000ee900000, 0x00000000eea00000, 0x00000000eea00000|100%| E|CS|TAMS 0x00000000ee900000, 0x00000000ee900000| Complete 
| 234|0x00000000eea00000, 0x00000000eeb00000, 0x00000000eeb00000|100%| E|CS|TAMS 0x00000000eea00000, 0x00000000eea00000| Complete 
| 235|0x00000000eeb00000, 0x00000000eec00000, 0x00000000eec00000|100%| E|CS|TAMS 0x00000000eeb00000, 0x00000000eeb00000| Complete 
| 236|0x00000000eec00000, 0x00000000eed00000, 0x00000000eed00000|100%| E|CS|TAMS 0x00000000eec00000, 0x00000000eec00000| Complete 
| 237|0x00000000eed00000, 0x00000000eee00000, 0x00000000eee00000|100%| E|CS|TAMS 0x00000000eed00000, 0x00000000eed00000| Complete 
| 238|0x00000000eee00000, 0x00000000eef00000, 0x00000000eef00000|100%| E|CS|TAMS 0x00000000eee00000, 0x00000000eee00000| Complete 
| 239|0x00000000eef00000, 0x00000000ef000000, 0x00000000ef000000|100%| E|CS|TAMS 0x00000000eef00000, 0x00000000eef00000| Complete 
| 240|0x00000000ef000000, 0x00000000ef100000, 0x00000000ef100000|100%| E|CS|TAMS 0x00000000ef000000, 0x00000000ef000000| Complete 
| 241|0x00000000ef100000, 0x00000000ef200000, 0x00000000ef200000|100%| E|CS|TAMS 0x00000000ef100000, 0x00000000ef100000| Complete 
| 242|0x00000000ef200000, 0x00000000ef300000, 0x00000000ef300000|100%| E|CS|TAMS 0x00000000ef200000, 0x00000000ef200000| Complete 
| 243|0x00000000ef300000, 0x00000000ef400000, 0x00000000ef400000|100%| E|CS|TAMS 0x00000000ef300000, 0x00000000ef300000| Complete 
| 244|0x00000000ef400000, 0x00000000ef500000, 0x00000000ef500000|100%| E|CS|TAMS 0x00000000ef400000, 0x00000000ef400000| Complete 
| 245|0x00000000ef500000, 0x00000000ef600000, 0x00000000ef600000|100%| E|CS|TAMS 0x00000000ef500000, 0x00000000ef500000| Complete 
| 246|0x00000000ef600000, 0x00000000ef700000, 0x00000000ef700000|100%| E|CS|TAMS 0x00000000ef600000, 0x00000000ef600000| Complete 
| 247|0x00000000ef700000, 0x00000000ef800000, 0x00000000ef800000|100%| E|CS|TAMS 0x00000000ef700000, 0x00000000ef700000| Complete 
| 248|0x00000000ef800000, 0x00000000ef900000, 0x00000000ef900000|100%| E|CS|TAMS 0x00000000ef800000, 0x00000000ef800000| Complete 
| 249|0x00000000ef900000, 0x00000000efa00000, 0x00000000efa00000|100%| E|CS|TAMS 0x00000000ef900000, 0x00000000ef900000| Complete 
| 250|0x00000000efa00000, 0x00000000efb00000, 0x00000000efb00000|100%| E|CS|TAMS 0x00000000efa00000, 0x00000000efa00000| Complete 
| 251|0x00000000efb00000, 0x00000000efc00000, 0x00000000efc00000|100%| E|CS|TAMS 0x00000000efb00000, 0x00000000efb00000| Complete 
| 252|0x00000000efc00000, 0x00000000efd00000, 0x00000000efd00000|100%| E|CS|TAMS 0x00000000efc00000, 0x00000000efc00000| Complete 
| 253|0x00000000efd00000, 0x00000000efe00000, 0x00000000efe00000|100%| E|CS|TAMS 0x00000000efd00000, 0x00000000efd00000| Complete 
| 254|0x00000000efe00000, 0x00000000eff00000, 0x00000000eff00000|100%| E|CS|TAMS 0x00000000efe00000, 0x00000000efe00000| Complete 
| 255|0x00000000eff00000, 0x00000000f0000000, 0x00000000f0000000|100%| E|CS|TAMS 0x00000000eff00000, 0x00000000eff00000| Complete 

Card table byte_map: [0x0000021b20fc0000,0x0000021b210c0000] _byte_map_base: 0x0000021b208c0000

Marking Bits (Prev, Next): (CMBitMap*) 0x0000021b0c04aa30, (CMBitMap*) 0x0000021b0c04a9f0
 Prev Bits: [0x0000021b219c0000, 0x0000021b221c0000)
 Next Bits: [0x0000021b211c0000, 0x0000021b219c0000)

Polling page: 0x0000021b0b970000

Metaspace:

Usage:
  Non-class:     71.94 MB used.
      Class:     11.87 MB used.
       Both:     83.80 MB used.

Virtual space:
  Non-class space:      128.00 MB reserved,      72.38 MB ( 57%) committed,  2 nodes.
      Class space:      320.00 MB reserved,      12.19 MB (  4%) committed,  1 nodes.
             Both:      448.00 MB reserved,      84.56 MB ( 19%) committed. 

Chunk freelists:
   Non-Class:  7.30 MB
       Class:  3.78 MB
        Both:  11.08 MB

MaxMetaspaceSize: 384.00 MB
CompressedClassSpaceSize: 320.00 MB
Initial GC threshold: 21.00 MB
Current GC threshold: 98.25 MB
CDS: on
MetaspaceReclaimPolicy: balanced
 - commit_granule_bytes: 65536.
 - commit_granule_words: 8192.
 - virtual_space_node_default_size: 8388608.
 - enlarge_chunks_in_place: 1.
 - new_chunks_are_fully_committed: 0.
 - uncommit_free_chunks: 1.
 - use_allocation_guard: 0.
 - handle_deallocations: 1.


Internal statistics:

num_allocs_failed_limit: 9.
num_arena_births: 1034.
num_arena_deaths: 0.
num_vsnodes_births: 3.
num_vsnodes_deaths: 0.
num_space_committed: 1353.
num_space_uncommitted: 0.
num_chunks_returned_to_freelist: 9.
num_chunks_taken_from_freelist: 4462.
num_chunk_merges: 9.
num_chunk_splits: 2908.
num_chunks_enlarged: 1928.
num_inconsistent_stats: 0.

CodeHeap 'non-profiled nmethods': size=119168Kb used=6624Kb max_used=6624Kb free=112543Kb
 bounds [0x0000021b189a0000, 0x0000021b19020000, 0x0000021b1fe00000]
CodeHeap 'profiled nmethods': size=119104Kb used=19155Kb max_used=19155Kb free=99948Kb
 bounds [0x0000021b10e00000, 0x0000021b120c0000, 0x0000021b18250000]
CodeHeap 'non-nmethods': size=7488Kb used=3065Kb max_used=4254Kb free=4422Kb
 bounds [0x0000021b18250000, 0x0000021b18690000, 0x0000021b189a0000]
 total_blobs=10483 nmethods=9512 adapters=880
 compilation: enabled
              stopped_count=0, restarted_count=0
 full_count=0

Compilation events (20 events):
Event: 98.429 Thread 0x0000021b254634b0 nmethod 10847 0x0000021b1900e510 code [0x0000021b1900e6a0, 0x0000021b1900e778]
Event: 98.429 Thread 0x0000021b254634b0 10848       1       org.gradle.internal.logging.events.StyledTextOutputEvent$Span::getStyle (5 bytes)
Event: 98.429 Thread 0x0000021b254634b0 nmethod 10848 0x0000021b1900e810 code [0x0000021b1900e9a0, 0x0000021b1900ea78]
Event: 98.429 Thread 0x0000021b254634b0 10849       1       org.gradle.internal.logging.events.StyledTextOutputEvent$Span::getText (5 bytes)
Event: 98.429 Thread 0x0000021b254634b0 nmethod 10849 0x0000021b1900eb10 code [0x0000021b1900eca0, 0x0000021b1900ed78]
Event: 98.429 Thread 0x0000021b254634b0 10850       3       java.nio.channels.spi.AbstractSelectableChannel::isBlocking (13 bytes)
Event: 98.429 Thread 0x0000021b4734fb50 nmethod 10844 0x0000021b12086610 code [0x0000021b120867e0, 0x0000021b12086b78]
Event: 98.429 Thread 0x0000021b254634b0 nmethod 10850 0x0000021b12086d10 code [0x0000021b12086ea0, 0x0000021b12086ff8]
Event: 98.431 Thread 0x0000021b4734fb50 10851       3       org.gradle.workers.internal.WorkerDaemonClientsManager$LogLevelChangeEventListener::onOutput (25 bytes)
Event: 98.431 Thread 0x0000021b4734fb50 nmethod 10851 0x0000021b12087090 code [0x0000021b12087240, 0x0000021b12087678]
Event: 98.435 Thread 0x0000021b254634b0 10853       3       org.gradle.internal.serialize.kryo.KryoBackedEncoder::writeBoolean (9 bytes)
Event: 98.435 Thread 0x0000021b4734fb50 10852       3       java.nio.HeapCharBuffer::<init> (21 bytes)
Event: 98.435 Thread 0x0000021b254634b0 nmethod 10853 0x0000021b12087810 code [0x0000021b120879c0, 0x0000021b12087b28]
Event: 98.435 Thread 0x0000021b4734fb50 nmethod 10852 0x0000021b12087c10 code [0x0000021b12087dc0, 0x0000021b12087fe8]
Event: 99.363 Thread 0x0000021b473515e0 10854       4       java.util.concurrent.locks.LockSupport::parkNanos (29 bytes)
Event: 99.641 Thread 0x0000021b254634b0 10855       3       org.gradle.internal.logging.text.AbstractLineChoppingStyledTextOutput$1::execute (9 bytes)
Event: 99.641 Thread 0x0000021b254634b0 nmethod 10855 0x0000021b12088110 code [0x0000021b120882c0, 0x0000021b12088508]
Event: 99.641 Thread 0x0000021b254634b0 10856       3       org.gradle.internal.logging.text.AbstractLineChoppingStyledTextOutput::doAppend (43 bytes)
Event: 99.641 Thread 0x0000021b473515e0 nmethod 10854 0x0000021b1900ee10 code [0x0000021b1900efa0, 0x0000021b1900f1a8]
Event: 99.641 Thread 0x0000021b473515e0 10858       4       org.gradle.internal.logging.text.AbstractLineChoppingStyledTextOutput$StateContext::hasChar (25 bytes)

GC Heap History (18 events):
Event: 13.277 GC heap before
{Heap before GC invocations=0 (full 0):
 garbage-first heap   total 262144K, used 22528K [0x00000000e0000000, 0x0000000100000000)
  region size 1024K, 23 young (23552K), 0 survivors (0K)
 Metaspace       used 893K, committed 1024K, reserved 393216K
  class space    used 73K, committed 128K, reserved 327680K
}
Event: 13.282 GC heap after
{Heap after GC invocations=1 (full 0):
 garbage-first heap   total 262144K, used 1751K [0x00000000e0000000, 0x0000000100000000)
  region size 1024K, 2 young (2048K), 2 survivors (2048K)
 Metaspace       used 893K, committed 1024K, reserved 393216K
  class space    used 73K, committed 128K, reserved 327680K
}
Event: 22.732 GC heap before
{Heap before GC invocations=1 (full 0):
 garbage-first heap   total 262144K, used 38615K [0x00000000e0000000, 0x0000000100000000)
  region size 1024K, 36 young (36864K), 2 survivors (2048K)
 Metaspace       used 4637K, committed 4736K, reserved 393216K
  class space    used 593K, committed 640K, reserved 327680K
}
Event: 22.737 GC heap after
{Heap after GC invocations=2 (full 0):
 garbage-first heap   total 262144K, used 10815K [0x00000000e0000000, 0x0000000100000000)
  region size 1024K, 5 young (5120K), 5 survivors (5120K)
 Metaspace       used 4637K, committed 4736K, reserved 393216K
  class space    used 593K, committed 640K, reserved 327680K
}
Event: 40.804 GC heap before
{Heap before GC invocations=2 (full 0):
 garbage-first heap   total 262144K, used 74303K [0x00000000e0000000, 0x0000000100000000)
  region size 1024K, 66 young (67584K), 5 survivors (5120K)
 Metaspace       used 7165K, committed 7360K, reserved 393216K
  class space    used 983K, committed 1088K, reserved 327680K
}
Event: 40.812 GC heap after
{Heap after GC invocations=3 (full 0):
 garbage-first heap   total 262144K, used 17661K [0x00000000e0000000, 0x0000000100000000)
  region size 1024K, 9 young (9216K), 9 survivors (9216K)
 Metaspace       used 7165K, committed 7360K, reserved 393216K
  class space    used 983K, committed 1088K, reserved 327680K
}
Event: 43.345 GC heap before
{Heap before GC invocations=3 (full 0):
 garbage-first heap   total 262144K, used 108797K [0x00000000e0000000, 0x0000000100000000)
  region size 1024K, 99 young (101376K), 9 survivors (9216K)
 Metaspace       used 21224K, committed 21504K, reserved 393216K
  class space    used 3157K, committed 3264K, reserved 327680K
}
Event: 43.376 GC heap after
{Heap after GC invocations=4 (full 0):
 garbage-first heap   total 262144K, used 23289K [0x00000000e0000000, 0x0000000100000000)
  region size 1024K, 15 young (15360K), 15 survivors (15360K)
 Metaspace       used 21224K, committed 21504K, reserved 393216K
  class space    used 3157K, committed 3264K, reserved 327680K
}
Event: 45.646 GC heap before
{Heap before GC invocations=5 (full 0):
 garbage-first heap   total 262144K, used 139001K [0x00000000e0000000, 0x0000000100000000)
  region size 1024K, 125 young (128000K), 15 survivors (15360K)
 Metaspace       used 35599K, committed 35968K, reserved 393216K
  class space    used 4988K, committed 5120K, reserved 327680K
}
Event: 45.660 GC heap after
{Heap after GC invocations=6 (full 0):
 garbage-first heap   total 262144K, used 32364K [0x00000000e0000000, 0x0000000100000000)
  region size 1024K, 19 young (19456K), 19 survivors (19456K)
 Metaspace       used 35599K, committed 35968K, reserved 393216K
  class space    used 4988K, committed 5120K, reserved 327680K
}
Event: 49.265 GC heap before
{Heap before GC invocations=7 (full 0):
 garbage-first heap   total 262144K, used 173676K [0x00000000e0000000, 0x0000000100000000)
  region size 1024K, 153 young (156672K), 19 survivors (19456K)
 Metaspace       used 50131K, committed 50624K, reserved 393216K
  class space    used 7190K, committed 7424K, reserved 327680K
}
Event: 49.281 GC heap after
{Heap after GC invocations=8 (full 0):
 garbage-first heap   total 262144K, used 40981K [0x00000000e0000000, 0x0000000100000000)
  region size 1024K, 16 young (16384K), 16 survivors (16384K)
 Metaspace       used 50131K, committed 50624K, reserved 393216K
  class space    used 7190K, committed 7424K, reserved 327680K
}
Event: 54.543 GC heap before
{Heap before GC invocations=8 (full 0):
 garbage-first heap   total 262144K, used 149525K [0x00000000e0000000, 0x0000000100000000)
  region size 1024K, 123 young (125952K), 16 survivors (16384K)
 Metaspace       used 59624K, committed 60096K, reserved 393216K
  class space    used 8351K, committed 8576K, reserved 327680K
}
Event: 54.554 GC heap after
{Heap after GC invocations=9 (full 0):
 garbage-first heap   total 262144K, used 47307K [0x00000000e0000000, 0x0000000100000000)
  region size 1024K, 15 young (15360K), 15 survivors (15360K)
 Metaspace       used 59624K, committed 60096K, reserved 393216K
  class space    used 8351K, committed 8576K, reserved 327680K
}
Event: 64.413 GC heap before
{Heap before GC invocations=10 (full 0):
 garbage-first heap   total 262144K, used 187595K [0x00000000e0000000, 0x0000000100000000)
  region size 1024K, 153 young (156672K), 15 survivors (15360K)
 Metaspace       used 70044K, committed 70720K, reserved 393216K
  class space    used 9932K, committed 10240K, reserved 327680K
}
Event: 64.427 GC heap after
{Heap after GC invocations=11 (full 0):
 garbage-first heap   total 262144K, used 59041K [0x00000000e0000000, 0x0000000100000000)
  region size 1024K, 20 young (20480K), 20 survivors (20480K)
 Metaspace       used 70044K, committed 70720K, reserved 393216K
  class space    used 9932K, committed 10240K, reserved 327680K
}
Event: 68.085 GC heap before
{Heap before GC invocations=11 (full 0):
 garbage-first heap   total 262144K, used 195233K [0x00000000e0000000, 0x0000000100000000)
  region size 1024K, 153 young (156672K), 20 survivors (20480K)
 Metaspace       used 81474K, committed 82176K, reserved 458752K
  class space    used 11484K, committed 11840K, reserved 327680K
}
Event: 68.099 GC heap after
{Heap after GC invocations=12 (full 0):
 garbage-first heap   total 262144K, used 67028K [0x00000000e0000000, 0x0000000100000000)
  region size 1024K, 10 young (10240K), 10 survivors (10240K)
 Metaspace       used 81474K, committed 82176K, reserved 458752K
  class space    used 11484K, committed 11840K, reserved 327680K
}

Dll operation events (4 events):
Event: 0.089 Loaded shared library C:\Users\yangg\.jdks\jbr-17.0.14\bin\java.dll
Event: 0.109 Loaded shared library C:\Users\yangg\.jdks\jbr-17.0.14\bin\jsvml.dll
Event: 0.222 Loaded shared library C:\Users\yangg\.jdks\jbr-17.0.14\bin\zip.dll
Event: 21.938 Loaded shared library C:\Users\yangg\.jdks\jbr-17.0.14\bin\verify.dll

Deoptimization events (20 events):
Event: 72.291 Thread 0x0000021b474a06f0 DEOPT PACKING pc=0x0000021b18cb56cc sp=0x000000aa247f9ce0
Event: 72.291 Thread 0x0000021b474a06f0 DEOPT UNPACKING pc=0x0000021b182a7143 sp=0x000000aa247f91a8 mode 1
Event: 76.196 Thread 0x0000021b445173f0 DEOPT PACKING pc=0x0000021b10ef0b3f sp=0x000000aa18ffecf0
Event: 76.197 Thread 0x0000021b445173f0 DEOPT UNPACKING pc=0x0000021b182a7143 sp=0x000000aa18ffe1b8 mode 1
Event: 99.595 Thread 0x0000021b442c8120 Uncommon trap: trap_request=0xffffff45 fr.pc=0x0000021b190080c0 relative=0x0000000000001000
Event: 99.595 Thread 0x0000021b442c8120 Uncommon trap: reason=unstable_if action=reinterpret pc=0x0000021b190080c0 method=org.gradle.internal.logging.text.AbstractLineChoppingStyledTextOutput$2.execute(Lorg/gradle/internal/logging/text/AbstractLineChoppingStyledTextOutput$StateContext;)V @ 34 c
Event: 99.595 Thread 0x0000021b442c8120 DEOPT PACKING pc=0x0000021b190080c0 sp=0x000000aa25ffd940
Event: 99.640 Thread 0x0000021b442c8120 DEOPT UNPACKING pc=0x0000021b182a69a3 sp=0x000000aa25ffd7a8 mode 2
Event: 99.640 Thread 0x0000021b442c62c0 Uncommon trap: trap_request=0xffffff45 fr.pc=0x0000021b19003b2c relative=0x00000000000005ac
Event: 99.640 Thread 0x0000021b442c62c0 Uncommon trap: reason=unstable_if action=reinterpret pc=0x0000021b19003b2c method=org.gradle.internal.logging.text.AbstractLineChoppingStyledTextOutput$2.execute(Lorg/gradle/internal/logging/text/AbstractLineChoppingStyledTextOutput$StateContext;)V @ 34 c
Event: 99.640 Thread 0x0000021b442c62c0 DEOPT PACKING pc=0x0000021b19003b2c sp=0x000000aa260fd8e0
Event: 99.640 Thread 0x0000021b442c62c0 DEOPT UNPACKING pc=0x0000021b182a69a3 sp=0x000000aa260fd7a8 mode 2
Event: 99.641 Thread 0x0000021b442c62c0 Uncommon trap: trap_request=0xffffff45 fr.pc=0x0000021b19004f00 relative=0x00000000000005a0
Event: 99.641 Thread 0x0000021b442c62c0 Uncommon trap: reason=unstable_if action=reinterpret pc=0x0000021b19004f00 method=org.gradle.internal.logging.text.AbstractLineChoppingStyledTextOutput$2.execute(Lorg/gradle/internal/logging/text/AbstractLineChoppingStyledTextOutput$StateContext;)V @ 34 c
Event: 99.641 Thread 0x0000021b442c62c0 DEOPT PACKING pc=0x0000021b19004f00 sp=0x000000aa260fd880
Event: 99.641 Thread 0x0000021b442c62c0 DEOPT UNPACKING pc=0x0000021b182a69a3 sp=0x000000aa260fd7a0 mode 2
Event: 99.641 Thread 0x0000021b442c62c0 Uncommon trap: trap_request=0xffffff45 fr.pc=0x0000021b19002d98 relative=0x00000000000003b8
Event: 99.641 Thread 0x0000021b442c62c0 Uncommon trap: reason=unstable_if action=reinterpret pc=0x0000021b19002d98 method=org.gradle.internal.logging.text.AbstractLineChoppingStyledTextOutput$2.execute(Lorg/gradle/internal/logging/text/AbstractLineChoppingStyledTextOutput$StateContext;)V @ 34 c
Event: 99.641 Thread 0x0000021b442c62c0 DEOPT PACKING pc=0x0000021b19002d98 sp=0x000000aa260fd7e0
Event: 99.641 Thread 0x0000021b442c62c0 DEOPT UNPACKING pc=0x0000021b182a69a3 sp=0x000000aa260fd7b0 mode 2

Classes loaded (20 events):
Event: 71.212 Loading class java/io/ObjectStreamClass$ExceptionInfo
Event: 71.212 Loading class java/io/ObjectStreamClass$ExceptionInfo done
Event: 71.267 Loading class java/util/stream/ReferencePipeline$4
Event: 71.267 Loading class java/util/stream/ReferencePipeline$4 done
Event: 71.268 Loading class java/util/stream/ReduceOps$6
Event: 71.268 Loading class java/util/stream/ReduceOps$6 done
Event: 71.268 Loading class java/util/stream/ReduceOps$5ReducingSink
Event: 71.268 Loading class java/util/stream/ReduceOps$5ReducingSink done
Event: 71.268 Loading class java/util/stream/ReferencePipeline$4$1
Event: 71.268 Loading class java/util/stream/ReferencePipeline$4$1 done
Event: 71.876 Loading class java/nio/file/FileTreeWalker$1
Event: 71.877 Loading class java/nio/file/FileTreeWalker$1 done
Event: 72.155 Loading class java/util/CollectionsBeanInfo
Event: 72.155 Loading class java/util/CollectionsBeanInfo done
Event: 72.155 Loading class java/util/CollectionsBeanInfo
Event: 72.155 Loading class java/util/CollectionsBeanInfo done
Event: 72.155 Loading class java/util/CollectionsCustomizer
Event: 72.155 Loading class java/util/CollectionsCustomizer done
Event: 72.155 Loading class java/util/CollectionsCustomizer
Event: 72.155 Loading class java/util/CollectionsCustomizer done

Classes unloaded (0 events):
No events

Classes redefined (0 events):
No events

Internal exceptions (20 events):
Event: 72.265 Thread 0x0000021b474a06f0 Exception <a 'sun/nio/fs/WindowsException'{0x00000000ecd0e598}> (0x00000000ecd0e598) 
thrown [s\src\hotspot\share\prims\jni.cpp, line 531]
Event: 72.266 Thread 0x0000021b474a06f0 Exception <a 'sun/nio/fs/WindowsException'{0x00000000ecd0f730}> (0x00000000ecd0f730) 
thrown [s\src\hotspot\share\prims\jni.cpp, line 531]
Event: 72.266 Thread 0x0000021b474a06f0 Exception <a 'sun/nio/fs/WindowsException'{0x00000000ecd10898}> (0x00000000ecd10898) 
thrown [s\src\hotspot\share\prims\jni.cpp, line 531]
Event: 72.275 Thread 0x0000021b474a06f0 Exception <a 'sun/nio/fs/WindowsException'{0x00000000ecd11a00}> (0x00000000ecd11a00) 
thrown [s\src\hotspot\share\prims\jni.cpp, line 531]
Event: 72.276 Thread 0x0000021b474a06f0 Exception <a 'sun/nio/fs/WindowsException'{0x00000000ecd12b30}> (0x00000000ecd12b30) 
thrown [s\src\hotspot\share\prims\jni.cpp, line 531]
Event: 72.278 Thread 0x0000021b474a06f0 Exception <a 'sun/nio/fs/WindowsException'{0x00000000ecd13c78}> (0x00000000ecd13c78) 
thrown [s\src\hotspot\share\prims\jni.cpp, line 531]
Event: 72.278 Thread 0x0000021b474a06f0 Exception <a 'sun/nio/fs/WindowsException'{0x00000000ecd14dc0}> (0x00000000ecd14dc0) 
thrown [s\src\hotspot\share\prims\jni.cpp, line 531]
Event: 72.278 Thread 0x0000021b474a06f0 Exception <a 'sun/nio/fs/WindowsException'{0x00000000ecd15f40}> (0x00000000ecd15f40) 
thrown [s\src\hotspot\share\prims\jni.cpp, line 531]
Event: 72.278 Thread 0x0000021b474a06f0 Exception <a 'sun/nio/fs/WindowsException'{0x00000000ecd170a8}> (0x00000000ecd170a8) 
thrown [s\src\hotspot\share\prims\jni.cpp, line 531]
Event: 72.279 Thread 0x0000021b474a06f0 Exception <a 'sun/nio/fs/WindowsException'{0x00000000ecd18528}> (0x00000000ecd18528) 
thrown [s\src\hotspot\share\prims\jni.cpp, line 531]
Event: 72.279 Thread 0x0000021b474a06f0 Exception <a 'sun/nio/fs/WindowsException'{0x00000000ecd196e0}> (0x00000000ecd196e0) 
thrown [s\src\hotspot\share\prims\jni.cpp, line 531]
Event: 72.279 Thread 0x0000021b474a06f0 Exception <a 'sun/nio/fs/WindowsException'{0x00000000ecd1a840}> (0x00000000ecd1a840) 
thrown [s\src\hotspot\share\prims\jni.cpp, line 531]
Event: 72.287 Thread 0x0000021b474a06f0 Exception <a 'sun/nio/fs/WindowsException'{0x00000000ecd6aca0}> (0x00000000ecd6aca0) 
thrown [s\src\hotspot\share\prims\jni.cpp, line 531]
Event: 72.287 Thread 0x0000021b474a06f0 Exception <a 'sun/nio/fs/WindowsException'{0x00000000ecd6bd60}> (0x00000000ecd6bd60) 
thrown [s\src\hotspot\share\prims\jni.cpp, line 531]
Event: 72.287 Thread 0x0000021b474a06f0 Exception <a 'sun/nio/fs/WindowsException'{0x00000000ecd6ce28}> (0x00000000ecd6ce28) 
thrown [s\src\hotspot\share\prims\jni.cpp, line 531]
Event: 72.288 Thread 0x0000021b474a06f0 Exception <a 'sun/nio/fs/WindowsException'{0x00000000ecd6ece0}> (0x00000000ecd6ece0) 
thrown [s\src\hotspot\share\prims\jni.cpp, line 531]
Event: 72.288 Thread 0x0000021b474a06f0 Exception <a 'sun/nio/fs/WindowsException'{0x00000000ecd6fd70}> (0x00000000ecd6fd70) 
thrown [s\src\hotspot\share\prims\jni.cpp, line 531]
Event: 72.289 Thread 0x0000021b474a06f0 Exception <a 'sun/nio/fs/WindowsException'{0x00000000ecd71828}> (0x00000000ecd71828) 
thrown [s\src\hotspot\share\prims\jni.cpp, line 531]
Event: 72.289 Thread 0x0000021b474a06f0 Exception <a 'sun/nio/fs/WindowsException'{0x00000000ecd728a8}> (0x00000000ecd728a8) 
thrown [s\src\hotspot\share\prims\jni.cpp, line 531]
Event: 72.289 Thread 0x0000021b474a06f0 Exception <a 'sun/nio/fs/WindowsException'{0x00000000ecd73948}> (0x00000000ecd73948) 
thrown [s\src\hotspot\share\prims\jni.cpp, line 531]

VM Operations (20 events):
Event: 77.158 Executing VM operation: Cleanup
Event: 77.158 Executing VM operation: Cleanup done
Event: 78.171 Executing VM operation: Cleanup
Event: 78.171 Executing VM operation: Cleanup done
Event: 83.210 Executing VM operation: Cleanup
Event: 83.211 Executing VM operation: Cleanup done
Event: 85.212 Executing VM operation: Cleanup
Event: 85.213 Executing VM operation: Cleanup done
Event: 86.215 Executing VM operation: Cleanup
Event: 86.215 Executing VM operation: Cleanup done
Event: 87.215 Executing VM operation: Cleanup
Event: 87.215 Executing VM operation: Cleanup done
Event: 88.229 Executing VM operation: Cleanup
Event: 88.229 Executing VM operation: Cleanup done
Event: 92.263 Executing VM operation: Cleanup
Event: 92.263 Executing VM operation: Cleanup done
Event: 96.286 Executing VM operation: Cleanup
Event: 96.286 Executing VM operation: Cleanup done
Event: 99.300 Executing VM operation: Cleanup
Event: 99.300 Executing VM operation: Cleanup done

Memory protections (0 events):
No events

Nmethod flushes (20 events):
Event: 64.190 Thread 0x0000021b252a0350 flushing  nmethod 0x0000021b1199af10
Event: 64.190 Thread 0x0000021b252a0350 flushing  nmethod 0x0000021b1199b990
Event: 64.190 Thread 0x0000021b252a0350 flushing  nmethod 0x0000021b119ab110
Event: 64.190 Thread 0x0000021b252a0350 flushing  nmethod 0x0000021b119b6b90
Event: 64.190 Thread 0x0000021b252a0350 flushing  nmethod 0x0000021b119d2f10
Event: 64.190 Thread 0x0000021b252a0350 flushing  nmethod 0x0000021b119fdf90
Event: 64.190 Thread 0x0000021b252a0350 flushing  nmethod 0x0000021b11a01310
Event: 64.190 Thread 0x0000021b252a0350 flushing  nmethod 0x0000021b11a69490
Event: 64.191 Thread 0x0000021b252a0350 flushing  nmethod 0x0000021b11c0ba90
Event: 64.191 Thread 0x0000021b252a0350 flushing  nmethod 0x0000021b11c11890
Event: 64.192 Thread 0x0000021b252a0350 flushing  nmethod 0x0000021b11cb9b10
Event: 64.192 Thread 0x0000021b252a0350 flushing  nmethod 0x0000021b11ce1910
Event: 64.192 Thread 0x0000021b252a0350 flushing  nmethod 0x0000021b11db9290
Event: 64.192 Thread 0x0000021b252a0350 flushing  nmethod 0x0000021b11dbab90
Event: 64.192 Thread 0x0000021b252a0350 flushing  nmethod 0x0000021b11dbff10
Event: 64.192 Thread 0x0000021b252a0350 flushing  nmethod 0x0000021b11dc0510
Event: 64.192 Thread 0x0000021b252a0350 flushing  nmethod 0x0000021b11dc0d90
Event: 64.192 Thread 0x0000021b252a0350 flushing  nmethod 0x0000021b11dc1690
Event: 64.192 Thread 0x0000021b252a0350 flushing  nmethod 0x0000021b11df5710
Event: 71.518 Thread 0x0000021b252a0350 flushing  nmethod 0x0000021b18be2790

Events (20 events):
Event: 71.849 Thread 0x0000021b4475b570 Thread added: 0x0000021b48f437b0
Event: 72.107 Thread 0x0000021b473515e0 Thread exited: 0x0000021b473515e0
Event: 72.196 Thread 0x0000021b473505f0 Thread added: 0x0000021b473515e0
Event: 72.250 Thread 0x0000021b473505f0 Thread added: 0x0000021b4734fb50
Event: 72.250 Thread 0x0000021b473505f0 Thread added: 0x0000021b47351b30
Event: 72.294 Thread 0x0000021b474a06f0 Thread added: 0x0000021b474a1b30
Event: 72.308 Thread 0x0000021b474a1b30 Thread added: 0x0000021b442c8120
Event: 72.308 Thread 0x0000021b474a1b30 Thread added: 0x0000021b442c62c0
Event: 74.774 Thread 0x0000021b47351b30 Thread exited: 0x0000021b47351b30
Event: 74.774 Thread 0x0000021b47350b40 Thread exited: 0x0000021b47350b40
Event: 74.774 Thread 0x0000021b4734fb50 Thread exited: 0x0000021b4734fb50
Event: 76.197 Thread 0x0000021b445173f0 Thread exited: 0x0000021b445173f0
Event: 76.777 Thread 0x0000021b473505f0 Thread exited: 0x0000021b473505f0
Event: 76.777 Thread 0x0000021b473515e0 Thread exited: 0x0000021b473515e0
Event: 77.937 Thread 0x0000021b473500a0 Thread exited: 0x0000021b473500a0
Event: 82.440 Thread 0x0000021b254634b0 Thread added: 0x0000021b4734fb50
Event: 85.232 Thread 0x0000021b4734fb50 Thread exited: 0x0000021b4734fb50
Event: 98.405 Thread 0x0000021b254634b0 Thread added: 0x0000021b473515e0
Event: 98.410 Thread 0x0000021b2545d060 Thread added: 0x0000021b4734fb50
Event: 99.640 Thread 0x0000021b4734fb50 Thread exited: 0x0000021b4734fb50


Dynamic libraries:
0x00007ff7e2560000 - 0x00007ff7e256a000 	C:\Users\yangg\.jdks\jbr-17.0.14\bin\java.exe
0x00007ff8852c0000 - 0x00007ff885528000 	C:\windows\SYSTEM32\ntdll.dll
0x00007ff8834f0000 - 0x00007ff8835b9000 	C:\windows\System32\KERNEL32.DLL
0x00007ff882bb0000 - 0x00007ff882fa8000 	C:\windows\System32\KERNELBASE.dll
0x00007ff8824c0000 - 0x00007ff88260b000 	C:\windows\System32\ucrtbase.dll
0x00007ff85f860000 - 0x00007ff85f87b000 	C:\Users\yangg\.jdks\jbr-17.0.14\bin\VCRUNTIME140.dll
0x00007ff859020000 - 0x00007ff859037000 	C:\Users\yangg\.jdks\jbr-17.0.14\bin\jli.dll
0x00007ff883a70000 - 0x00007ff883c37000 	C:\windows\System32\USER32.dll
0x00007ff8579f0000 - 0x00007ff857c84000 	C:\windows\WinSxS\amd64_microsoft.windows.common-controls_6595b64144ccf1df_6.0.26100.7019_none_3e06ffa0e335b8a8\COMCTL32.dll
0x00007ff8826a0000 - 0x00007ff8826c7000 	C:\windows\System32\win32u.dll
0x00007ff8847b0000 - 0x00007ff884859000 	C:\windows\System32\msvcrt.dll
0x00007ff884020000 - 0x00007ff88404b000 	C:\windows\System32\GDI32.dll
0x00007ff882a80000 - 0x00007ff882bac000 	C:\windows\System32\gdi32full.dll
0x00007ff882fb0000 - 0x00007ff883053000 	C:\windows\System32\msvcp_win.dll
0x00007ff884870000 - 0x00007ff8848a1000 	C:\windows\System32\IMM32.DLL
0x00007ff87eeb0000 - 0x00007ff87eebc000 	C:\Users\yangg\.jdks\jbr-17.0.14\bin\vcruntime140_1.dll
0x00007ff842980000 - 0x00007ff842a0d000 	C:\Users\yangg\.jdks\jbr-17.0.14\bin\msvcp140.dll
0x00007fff7d570000 - 0x00007fff7e1fe000 	C:\Users\yangg\.jdks\jbr-17.0.14\bin\server\jvm.dll
0x00007ff8835c0000 - 0x00007ff883674000 	C:\windows\System32\ADVAPI32.dll
0x00007ff8833b0000 - 0x00007ff883456000 	C:\windows\System32\sechost.dll
0x00007ff883da0000 - 0x00007ff883eb8000 	C:\windows\System32\RPCRT4.dll
0x00007ff883fa0000 - 0x00007ff884014000 	C:\windows\System32\WS2_32.dll
0x00007ff882290000 - 0x00007ff8822ee000 	C:\windows\SYSTEM32\POWRPROF.dll
0x00007ff87b920000 - 0x00007ff87b955000 	C:\windows\SYSTEM32\WINMM.dll
0x00007ff87b810000 - 0x00007ff87b81b000 	C:\windows\SYSTEM32\VERSION.dll
0x00007ff882270000 - 0x00007ff882284000 	C:\windows\SYSTEM32\UMPDC.dll
0x00007ff8811d0000 - 0x00007ff8811eb000 	C:\windows\SYSTEM32\kernel.appcore.dll
0x00007ff859010000 - 0x00007ff85901a000 	C:\Users\yangg\.jdks\jbr-17.0.14\bin\jimage.dll
0x00007ff87fc00000 - 0x00007ff87fe42000 	C:\windows\SYSTEM32\DBGHELP.DLL
0x00007ff883680000 - 0x00007ff883a0b000 	C:\windows\System32\combase.dll
0x00007ff883ec0000 - 0x00007ff883f97000 	C:\windows\System32\OLEAUT32.dll
0x00007ff8602a0000 - 0x00007ff8602dc000 	C:\windows\SYSTEM32\dbgcore.DLL
0x00007ff882410000 - 0x00007ff8824b5000 	C:\windows\System32\bcryptPrimitives.dll
0x00007ff84be50000 - 0x00007ff84be8b000 	C:\Users\yangg\.jdks\jbr-17.0.14\bin\jdwp.dll
0x00007ff859000000 - 0x00007ff85900e000 	C:\Users\yangg\.jdks\jbr-17.0.14\bin\instrument.dll
0x00007ff848750000 - 0x00007ff848775000 	C:\Users\yangg\.jdks\jbr-17.0.14\bin\java.dll
0x00007ff8428a0000 - 0x00007ff842977000 	C:\Users\yangg\.jdks\jbr-17.0.14\bin\jsvml.dll
0x00007ff884050000 - 0x00007ff88479f000 	C:\windows\System32\SHELL32.dll
0x00007ff8826d0000 - 0x00007ff88283b000 	C:\windows\System32\wintypes.dll
0x00007ff880000000 - 0x00007ff88085d000 	C:\windows\SYSTEM32\windows.storage.dll
0x00007ff883c40000 - 0x00007ff883d32000 	C:\windows\System32\SHCORE.dll
0x00007ff883160000 - 0x00007ff8831c7000 	C:\windows\System32\shlwapi.dll
0x00007ff882330000 - 0x00007ff882359000 	C:\windows\SYSTEM32\profapi.dll
0x00007ff848730000 - 0x00007ff848748000 	C:\Users\yangg\.jdks\jbr-17.0.14\bin\zip.dll
0x00007ff858ff0000 - 0x00007ff858ffc000 	C:\Users\yangg\.jdks\jbr-17.0.14\bin\dt_socket.dll
0x00007ff880c50000 - 0x00007ff880c84000 	C:\windows\SYSTEM32\IPHLPAPI.DLL
0x00007ff881740000 - 0x00007ff8817ab000 	C:\windows\system32\mswsock.dll
0x00007ff848710000 - 0x00007ff848729000 	C:\Users\yangg\.jdks\jbr-17.0.14\bin\net.dll
0x00007ff87be00000 - 0x00007ff87bf28000 	C:\windows\SYSTEM32\WINHTTP.dll
0x00007ff848620000 - 0x00007ff848636000 	C:\Users\yangg\.jdks\jbr-17.0.14\bin\nio.dll
0x00007ff8505c0000 - 0x00007ff8505d0000 	C:\Users\yangg\.jdks\jbr-17.0.14\bin\verify.dll
0x00007ff85dc60000 - 0x00007ff85dc87000 	C:\Users\yangg\.gradle\native\1def1411415f61bf3af743bc5b6707747c0891f09f0c88961ee8f79bc544acac\windows-amd64\native-platform.dll
0x00007ff842820000 - 0x00007ff842898000 	C:\Users\yangg\.gradle\native\0.2.7\x86_64-windows-gnu\gradle-fileevents.dll
0x00007ff84d250000 - 0x00007ff84d259000 	C:\Users\yangg\.jdks\jbr-17.0.14\bin\management.dll
0x00007ff84b1c0000 - 0x00007ff84b1cb000 	C:\Users\yangg\.jdks\jbr-17.0.14\bin\management_ext.dll
0x00007ff883a10000 - 0x00007ff883a18000 	C:\windows\System32\PSAPI.DLL
0x00007ff884860000 - 0x00007ff88486a000 	C:\windows\System32\NSI.dll
0x00007ff87c7d0000 - 0x00007ff87c7ee000 	C:\windows\SYSTEM32\dhcpcsvc6.DLL
0x00007ff87c710000 - 0x00007ff87c733000 	C:\windows\SYSTEM32\dhcpcsvc.DLL
0x00007ff880d30000 - 0x00007ff880e5c000 	C:\windows\SYSTEM32\DNSAPI.dll
0x00007ff8485f0000 - 0x00007ff8485f9000 	C:\Users\yangg\.jdks\jbr-17.0.14\bin\extnet.dll
0x00007ff881a10000 - 0x00007ff881a2b000 	C:\windows\SYSTEM32\CRYPTSP.dll
0x00007ff881130000 - 0x00007ff88116a000 	C:\windows\system32\rsaenh.dll
0x00007ff8817f0000 - 0x00007ff88181b000 	C:\windows\SYSTEM32\USERENV.dll
0x00007ff882300000 - 0x00007ff88232a000 	C:\windows\SYSTEM32\bcrypt.dll
0x00007ff881a00000 - 0x00007ff881a0c000 	C:\windows\SYSTEM32\CRYPTBASE.dll
0x00007ff843660000 - 0x00007ff84366e000 	C:\Users\yangg\.jdks\jbr-17.0.14\bin\sunmscapi.dll
0x00007ff882900000 - 0x00007ff882a77000 	C:\windows\System32\CRYPT32.dll
0x00007ff881c20000 - 0x00007ff881c50000 	C:\windows\SYSTEM32\ncrypt.dll
0x00007ff881bd0000 - 0x00007ff881c0f000 	C:\windows\SYSTEM32\NTASN1.dll
0x00007ff867f20000 - 0x00007ff867f28000 	C:\windows\system32\wshunix.dll
0x00007ff87bad0000 - 0x00007ff87badb000 	C:\Windows\System32\rasadhlp.dll
0x00007ff87c800000 - 0x00007ff87c886000 	C:\windows\System32\fwpuclnt.dll

dbghelp: loaded successfully - version: 4.0.5 - missing functions: none
symbol engine: initialized successfully - sym options: 0x614 - pdb path: .;C:\Users\yangg\.jdks\jbr-17.0.14\bin;C:\windows\SYSTEM32;C:\windows\WinSxS\amd64_microsoft.windows.common-controls_6595b64144ccf1df_6.0.26100.7019_none_3e06ffa0e335b8a8;C:\Users\yangg\.jdks\jbr-17.0.14\bin\server;C:\Users\yangg\.gradle\native\1def1411415f61bf3af743bc5b6707747c0891f09f0c88961ee8f79bc544acac\windows-amd64;C:\Users\yangg\.gradle\native\0.2.7\x86_64-windows-gnu

VM Arguments:
jvm_args: --add-opens=java.base/java.lang=ALL-UNNAMED --add-opens=java.base/java.lang.invoke=ALL-UNNAMED --add-opens=java.base/java.util=ALL-UNNAMED --add-opens=java.prefs/java.util.prefs=ALL-UNNAMED --add-exports=jdk.compiler/com.sun.tools.javac.api=ALL-UNNAMED --add-exports=jdk.compiler/com.sun.tools.javac.util=ALL-UNNAMED --add-opens=java.base/java.util=ALL-UNNAMED --add-opens=java.prefs/java.util.prefs=ALL-UNNAMED --add-opens=java.base/java.nio.charset=ALL-UNNAMED --add-opens=java.base/java.net=ALL-UNNAMED --add-opens=java.base/java.util.concurrent.atomic=ALL-UNNAMED --add-opens=java.xml/javax.xml.namespace=ALL-UNNAMED -XX:MaxMetaspaceSize=384m -XX:+HeapDumpOnOutOfMemoryError -agentlib:jdwp=transport=dt_socket,server=n,suspend=y,address=127.0.0.1:53239 -Xms256m -Xmx512m -Dfile.encoding=UTF-8 -Duser.country=CN -Duser.language=zh -Duser.variant -javaagent:C:\Users\yangg\.gradle\wrapper\dists\gradle-8.14-bin\2yc9rdobpnrnzfbln4rtd27yw\gradle-8.14\lib\agents\gradle-instrumentation-agent-8.14.jar 
java_command: org.gradle.launcher.daemon.bootstrap.GradleDaemon 8.14
java_class_path (initial): C:\Users\yangg\.gradle\wrapper\dists\gradle-8.14-bin\2yc9rdobpnrnzfbln4rtd27yw\gradle-8.14\lib\gradle-daemon-main-8.14.jar
Launcher Type: SUN_STANDARD

[Global flags]
     intx CICompilerCount                          = 12                                        {product} {ergonomic}
   size_t CompressedClassSpaceSize                 = 335544320                                 {product} {ergonomic}
     uint ConcGCThreads                            = 4                                         {product} {ergonomic}
     uint G1ConcRefinementThreads                  = 14                                        {product} {ergonomic}
   size_t G1HeapRegionSize                         = 1048576                                   {product} {ergonomic}
    uintx GCDrainStackTargetSize                   = 64                                        {product} {ergonomic}
     bool HeapDumpOnOutOfMemoryError               = true                                   {manageable} {command line}
   size_t InitialHeapSize                          = 268435456                                 {product} {command line}
   size_t MarkStackSize                            = 4194304                                   {product} {ergonomic}
   size_t MaxHeapSize                              = 536870912                                 {product} {command line}
   size_t MaxMetaspaceSize                         = 402653184                                 {product} {command line}
   size_t MaxNewSize                               = 321912832                                 {product} {ergonomic}
   size_t MinHeapDeltaBytes                        = 1048576                                   {product} {ergonomic}
   size_t MinHeapSize                              = 268435456                                 {product} {command line}
    uintx NonNMethodCodeHeapSize                   = 7602480                                {pd product} {ergonomic}
    uintx NonProfiledCodeHeapSize                  = 122027880                              {pd product} {ergonomic}
    uintx ProfiledCodeHeapSize                     = 122027880                              {pd product} {ergonomic}
    uintx ReservedCodeCacheSize                    = 251658240                              {pd product} {ergonomic}
     bool SegmentedCodeCache                       = true                                      {product} {ergonomic}
   size_t SoftMaxHeapSize                          = 536870912                              {manageable} {ergonomic}
     bool UseCompressedClassPointers               = true                           {product lp64_product} {ergonomic}
     bool UseCompressedOops                        = true                           {product lp64_product} {ergonomic}
     bool UseG1GC                                  = true                                      {product} {ergonomic}
     bool UseLargePagesIndividualAllocation        = false                                  {pd product} {ergonomic}

Logging:
Log output configuration:
 #0: stdout all=warning uptime,level,tags
 #1: stderr all=off uptime,level,tags

Environment Variables:
JAVA_HOME=D:\Program Files\JDK\corretto-18.0.2
PATH=C:\windows\system32;C:\windows;C:\windows\System32\Wbem;C:\windows\System32\WindowsPowerShell\v1.0\;C:\windows\System32\OpenSSH\;D:\Program Files\nodejs\;C:\ProgramData\chocolatey\bin;d:\Program Files\cursor\resources\app\bin;d:\Program Files\Git\cmd;D:\Program Files\Python\Scripts\;D:\Program Files\Python\;C:\Users\yangg\AppData\Local\Microsoft\WindowsApps;D:\Program Files\Microsoft VS Code\bin;d:\Program Files\JetBrains\PyCharm 2025.1.1.1\bin;;d:\Program Files\JetBrains\IntelliJ IDEA Community Edition 2025.2\bin;C:\Users\yangg\AppData\Roaming\npm;D:\Program Files\JDK\corretto-18.0.2\bin;D:\Program Files\Antigravity\bin;D:\Program Files\Qoder\bin
USERNAME=tao.fang
OS=Windows_NT
PROCESSOR_IDENTIFIER=Intel64 Family 6 Model 170 Stepping 4, GenuineIntel
TMP=C:\Users\yangg\AppData\Local\Temp
TEMP=C:\Users\yangg\AppData\Local\Temp



Periodic native trim disabled

JNI global refs:
JNI global refs: 241, weak refs: 16646

JNI global refs memory usage: 3435, weak refs: 169193

Process memory usage:
Resident Set Size: 541232K (1% of 32993528K total physical memory with 4382976K free physical memory)

OOME stack traces (most recent first):
Classloader memory used:
Loader org.gradle.internal.classloader.VisitableURLClassLoader                         : 5527K
Loader bootstrap                                                                       : 2297K
Loader org.gradle.initialization.MixInLegacyTypesClassLoader                           : 1795K
Loader org.gradle.internal.classloader.VisitableURLClassLoader$InstrumentingVisitableURLClassLoader: 892K
Loader jdk.internal.loader.ClassLoaders$PlatformClassLoader                            : 105K
Loader jdk.internal.reflect.DelegatingClassLoader                                      : 47818B
Loader jdk.internal.loader.ClassLoaders$AppClassLoader                                 : 29823B
Loader org.gradle.groovy.scripts.internal.DefaultScriptCompilationHandler$ScriptClassLoader: 18208B
Loader org.codehaus.groovy.runtime.callsite.CallSiteClassLoader                        : 8965B
Loader org.gradle.internal.classloader.VisitableURLClassLoader                         : 6088B

Classes loaded by more than one classloader:
Class org.gradle.internal.installation.GradleInstallation                             : loaded 2 times (x 73B)
Class org.apache.commons.io.function.IOFunction                                       : loaded 2 times (x 68B)
Class org.gradle.internal.classpath.ClassPath                                         : loaded 2 times (x 68B)
Class org.gradle.api.internal.classpath.DefaultModuleRegistry                         : loaded 2 times (x 84B)
Class com.google.common.collect.ListMultimap                                          : loaded 2 times (x 68B)
Class com.google.common.collect.AbstractMultimap                                      : loaded 2 times (x 121B)
Class org.apache.commons.io.function.IOConsumer                                       : loaded 2 times (x 68B)
Class org.gradle.api.Action                                                           : loaded 2 times (x 68B)
Class com.google.common.collect.SetMultimap                                           : loaded 2 times (x 68B)
Class org.gradle.api.internal.DefaultClassPathProvider                                : loaded 2 times (x 74B)
Class org.gradle.internal.installation.GradleInstallation$1                           : loaded 2 times (x 73B)
Class com.google.common.collect.ImmutableMap                                          : loaded 2 times (x 118B)
Class ijJvmDebugger1_514cgkvr0s9h67jyfrmsb02n0$_run_closure1                          : loaded 2 times (x 137B)
Class org.apache.commons.io.build.AbstractStreamBuilder                               : loaded 2 times (x 102B)
Class com.google.common.base.Predicate                                                : loaded 2 times (x 68B)
Class org.gradle.internal.classloader.FilteringClassLoader                            : loaded 2 times (x 103B)
Class com.google.common.collect.AbstractMapBasedMultimap$WrappedCollection            : loaded 2 times (x 122B)
Class org.gradle.internal.classpath.DefaultClassPath$ImmutableUniqueList$Builder      : loaded 2 times (x 73B)
Class com.google.common.collect.SortedSetMultimap                                     : loaded 2 times (x 68B)
Class com.google.common.collect.ImmutableMultimap$EntryCollection                     : loaded 2 times (x 125B)
Class org.apache.commons.io.output.ThresholdingOutputStream                           : loaded 2 times (x 92B)
Class org.gradle.internal.classloader.ClassLoaderVisitor                              : loaded 2 times (x 74B)
Class com.google.common.collect.ImmutableMultimap                                     : loaded 2 times (x 145B)
Class org.apache.commons.io.input.ClosedInputStream                                   : loaded 2 times (x 89B)
Class org.gradle.internal.service.DefaultServiceLocator                               : loaded 2 times (x 81B)
Class org.gradle.internal.service.UnknownServiceException                             : loaded 2 times (x 81B)
Class org.gradle.internal.classloader.DefaultClassLoaderFactory                       : loaded 2 times (x 80B)
Class com.google.common.collect.UnmodifiableIterator                                  : loaded 2 times (x 78B)
Class org.apache.commons.io.output.ByteArrayOutputStream                              : loaded 2 times (x 100B)
Class org.apache.commons.io.build.AbstractOriginSupplier                              : loaded 2 times (x 91B)
Class com.google.common.collect.Multimap                                              : loaded 2 times (x 68B)
Class org.gradle.internal.classloader.VisitableURLClassLoader$Spec                    : loaded 2 times (x 72B)
Class org.gradle.api.GradleException                                                  : loaded 2 times (x 80B)
Class org.gradle.api.internal.classpath.ModuleRegistry                                : loaded 2 times (x 68B)
Class com.google.common.collect.ImmutableCollection                                   : loaded 2 times (x 123B)
Class ijKotlinCoroutineJvmDebugInit1_9dvvy2fadptmkwnngju0944y1$_run_closure1          : loaded 2 times (x 137B)
Class org.gradle.api.internal.ClassPathProvider                                       : loaded 2 times (x 68B)
Class org.gradle.internal.classloader.ClasspathUtil$1                                 : loaded 2 times (x 74B)
Class org.gradle.internal.classloader.ClassLoaderFactory                              : loaded 2 times (x 68B)
Class org.apache.commons.io.output.UnsynchronizedByteArrayOutputStream$Builder        : loaded 2 times (x 103B)
Class org.gradle.api.internal.classpath.ManifestUtil                                  : loaded 2 times (x 69B)
Class org.gradle.api.specs.Spec                                                       : loaded 2 times (x 68B)
Class org.apache.commons.io.build.AbstractOrigin$WriterOrigin                         : loaded 2 times (x 84B)
Class com.google.common.collect.BaseImmutableMultimap                                 : loaded 2 times (x 121B)
Class com.google.common.base.Preconditions                                            : loaded 2 times (x 69B)
Class com.google.common.base.Function                                                 : loaded 2 times (x 68B)
Class org.gradle.internal.IoActions                                                   : loaded 2 times (x 69B)
Class com.google.common.collect.Maps                                                  : loaded 2 times (x 69B)
Class com.google.common.collect.ImmutableMultimap$Builder                             : loaded 2 times (x 81B)
Class [Lorg.apache.commons.io.StandardLineSeparator;                                  : loaded 2 times (x 67B)
Class org.gradle.api.internal.classpath.EffectiveClassPath                            : loaded 2 times (x 88B)
Class org.apache.commons.io.StandardLineSeparator                                     : loaded 2 times (x 77B)
Class org.apache.commons.io.output.AppendableWriter                                   : loaded 2 times (x 98B)
Class ijKotlinCoroutineJvmDebugInit1_9dvvy2fadptmkwnngju0944y1$_run_closure1$_closure2: loaded 2 times (x 137B)
Class ijJvmDebugger1_514cgkvr0s9h67jyfrmsb02n0                                        : loaded 2 times (x 177B)
Class org.apache.commons.io.build.AbstractOrigin$ReaderOrigin                         : loaded 2 times (x 84B)
Class org.gradle.internal.installation.CurrentGradleInstallation                      : loaded 2 times (x 71B)
Class org.gradle.internal.installation.CurrentGradleInstallationLocator               : loaded 2 times (x 69B)
Class org.gradle.api.internal.classpath.Module                                        : loaded 2 times (x 68B)
Class org.gradle.internal.service.CachingServiceLocator                               : loaded 2 times (x 80B)
Class org.gradle.internal.classpath.DefaultClassPath                                  : loaded 2 times (x 88B)
Class org.apache.commons.io.build.AbstractOrigin$InputStreamOrigin                    : loaded 2 times (x 84B)
Class com.google.common.collect.ImmutableMultisetGwtSerializationDependencies         : loaded 2 times (x 123B)
Class org.apache.commons.io.build.AbstractOrigin$URIOrigin                            : loaded 2 times (x 84B)
Class com.google.common.collect.ImmutableListMultimap                                 : loaded 2 times (x 176B)
Class org.apache.commons.io.function.IOSupplier                                       : loaded 2 times (x 68B)
Class com.google.common.collect.ImmutableSetMultimap                                  : loaded 2 times (x 180B)
Class org.apache.commons.io.CloseableURLConnection                                    : loaded 2 times (x 115B)
Class org.apache.commons.io.build.AbstractSupplier                                    : loaded 2 times (x 76B)
Class org.apache.commons.io.output.NullWriter                                         : loaded 2 times (x 97B)
Class org.gradle.internal.classloader.SystemClassLoaderSpec                           : loaded 2 times (x 69B)
Class com.google.common.collect.Multimaps$CustomListMultimap                          : loaded 2 times (x 172B)
Class org.apache.commons.io.build.AbstractOrigin$OutputStreamOrigin                   : loaded 2 times (x 84B)
Class org.apache.commons.io.IOUtils                                                   : loaded 2 times (x 69B)
Class org.gradle.api.UncheckedIOException                                             : loaded 2 times (x 80B)
Class com.google.common.collect.AbstractListMultimap                                  : loaded 2 times (x 170B)
Class Program                                                                         : loaded 2 times (x 70B)
Class org.apache.commons.io.output.UnsynchronizedByteArrayOutputStream                : loaded 2 times (x 100B)
Class com.google.common.collect.AbstractMapBasedMultimap$RandomAccessWrappedList      : loaded 2 times (x 165B)
Class org.gradle.api.internal.classpath.GlobalCacheRootsProvider                      : loaded 2 times (x 68B)
Class org.gradle.internal.classloader.ClasspathUtil                                   : loaded 2 times (x 69B)
Class org.gradle.api.internal.DefaultClassPathRegistry                                : loaded 2 times (x 74B)
Class org.gradle.api.internal.classpath.DefaultModuleRegistry$DefaultModule           : loaded 2 times (x 84B)
Class org.gradle.api.internal.classpath.UnknownModuleException                        : loaded 2 times (x 80B)
Class org.apache.commons.io.output.AbstractByteArrayOutputStream                      : loaded 2 times (x 100B)
Class org.apache.commons.io.build.AbstractOrigin$ByteArrayOrigin                      : loaded 2 times (x 84B)
Class org.gradle.internal.service.ServiceLookupException                              : loaded 2 times (x 80B)
Class org.apache.commons.io.build.AbstractOrigin                                      : loaded 2 times (x 84B)
Class ijKotlinCoroutineJvmDebugInit1_9dvvy2fadptmkwnngju0944y1                        : loaded 2 times (x 177B)
Class [Lorg.gradle.api.internal.ClassPathProvider;                                    : loaded 2 times (x 67B)
Class com.google.common.collect.ImmutableMultimap$Values                              : loaded 2 times (x 124B)
Class org.gradle.util.internal.GUtil                                                  : loaded 2 times (x 69B)
Class org.gradle.internal.classloader.ClassLoaderSpec                                 : loaded 2 times (x 69B)
Class org.gradle.internal.classloader.InstrumentingClassLoader                        : loaded 2 times (x 68B)
Class ijJvmDebugger1_514cgkvr0s9h67jyfrmsb02n0$_run_closure1$_closure2                : loaded 2 times (x 138B)
Class org.apache.commons.io.output.QueueOutputStream                                  : loaded 2 times (x 85B)
Class org.apache.commons.io.output.StringBuilderWriter                                : loaded 2 times (x 98B)
Class org.gradle.internal.classloader.VisitableURLClassLoader                         : loaded 2 times (x 115B)
Class com.google.common.base.Supplier                                                 : loaded 2 times (x 68B)
Class com.google.common.collect.ImmutableMultimap$Keys                                : loaded 2 times (x 164B)
Class org.gradle.internal.Cast                                                        : loaded 2 times (x 69B)
Class org.gradle.api.internal.ClassPathRegistry                                       : loaded 2 times (x 68B)
Class com.google.common.collect.ImmutableSet                                          : loaded 2 times (x 145B)
Class org.gradle.internal.classloader.VisitableURLClassLoader$InstrumentingVisitableURLClassLoader: loaded 2 times (x 121B)
Class org.gradle.internal.classloader.ClassLoaderHierarchy                            : loaded 2 times (x 68B)
Class com.google.common.collect.AbstractMapBasedMultimap$WrappedList                  : loaded 2 times (x 165B)
Class org.apache.commons.io.build.AbstractOrigin$PathOrigin                           : loaded 2 times (x 84B)
Class org.gradle.internal.InternalTransformer                                         : loaded 2 times (x 68B)
Class org.apache.commons.io.output.NullOutputStream                                   : loaded 2 times (x 83B)
Class org.gradle.internal.service.ServiceLocator                                      : loaded 2 times (x 68B)
Class org.apache.commons.io.build.AbstractOrigin$FileOrigin                           : loaded 2 times (x 84B)
Class com.google.common.collect.ImmutableMultiset                                     : loaded 2 times (x 161B)
Class org.gradle.internal.classpath.DefaultClassPath$ImmutableUniqueList              : loaded 2 times (x 159B)
Class com.google.common.collect.ImmutableMultimap$1                                   : loaded 2 times (x 80B)
Class com.google.common.collect.ImmutableMultimap$2                                   : loaded 2 times (x 79B)
Class org.gradle.internal.classpath.TransformedClassPath                              : loaded 2 times (x 94B)
Class com.google.common.collect.Multimaps                                             : loaded 2 times (x 69B)
Class com.google.common.collect.Multiset                                              : loaded 2 times (x 68B)
Class com.google.common.collect.AbstractMapBasedMultimap                              : loaded 2 times (x 137B)


---------------  S Y S T E M  ---------------

OS:
 Windows 11 , 64 bit Build 26100 (10.0.26100.7019)
OS uptime: 19 days 18:41 hours
Hyper-V role detected

CPU: total 18 (initial active 18) (9 cores per cpu, 2 threads per core) family 6 model 170 stepping 4 microcode 0x20, cx8, cmov, fxsr, ht, mmx, 3dnowpref, sse, sse2, sse3, ssse3, sse4.1, sse4.2, popcnt, lzcnt, tsc, tscinvbit, avx, avx2, aes, erms, clmul, bmi1, bmi2, adx, sha, fma, vzeroupper, clflush, clflushopt, clwb, hv
Processor Information for processor 0
  Max Mhz: 1200, Current Mhz: 1200, Mhz Limit: 1200
Processor Information for processor 1
  Max Mhz: 1200, Current Mhz: 1200, Mhz Limit: 1200
Processor Information for processor 2
  Max Mhz: 700, Current Mhz: 700, Mhz Limit: 700
Processor Information for processor 3
  Max Mhz: 700, Current Mhz: 700, Mhz Limit: 700
Processor Information for processor 4
  Max Mhz: 700, Current Mhz: 700, Mhz Limit: 700
Processor Information for processor 5
  Max Mhz: 700, Current Mhz: 700, Mhz Limit: 700
Processor Information for processor 6
  Max Mhz: 700, Current Mhz: 700, Mhz Limit: 700
Processor Information for processor 7
  Max Mhz: 700, Current Mhz: 700, Mhz Limit: 700
Processor Information for processor 8
  Max Mhz: 700, Current Mhz: 700, Mhz Limit: 700
Processor Information for processor 9
  Max Mhz: 700, Current Mhz: 700, Mhz Limit: 700
Processor Information for processor 10
  Max Mhz: 1200, Current Mhz: 1200, Mhz Limit: 1200
Processor Information for processor 11
  Max Mhz: 1200, Current Mhz: 1200, Mhz Limit: 1200
Processor Information for processor 12
  Max Mhz: 1200, Current Mhz: 1200, Mhz Limit: 1200
Processor Information for processor 13
  Max Mhz: 1200, Current Mhz: 1200, Mhz Limit: 1200
Processor Information for processor 14
  Max Mhz: 1200, Current Mhz: 1200, Mhz Limit: 1200
Processor Information for processor 15
  Max Mhz: 1200, Current Mhz: 1200, Mhz Limit: 1200
Processor Information for processor 16
  Max Mhz: 700, Current Mhz: 700, Mhz Limit: 700
Processor Information for processor 17
  Max Mhz: 700, Current Mhz: 700, Mhz Limit: 700

Memory: 4k page, system-wide physical 32220M (4278M free)
TotalPageFile size 79154M (AvailPageFile size 128M)
current process WorkingSet (physical memory assigned to process): 529M, peak: 547M
current process commit charge ("private bytes"): 611M, peak: 644M

vm_info: OpenJDK 64-Bit Server VM (17.0.14+1-b1367.22) for windows-amd64 JRE (17.0.14+1-b1367.22), built on 2025-01-30 by "builduser" with MS VC++ 16.10 / 16.11 (VS2019)

END.
